DS,What,chr,GO,NS,enrichment,name,ratio_in_study,ratio_in_pop,p_uncorrected,depth,study_count,p_fdr_bh,study_items
Blood cell pcHi-C,Cliques w/ 5+ tissue vs Links w/ 2+ tissue,chr6,GO:0065004,BP,e,protein-DNA complex assembly  ,62/482,62/921,5.76e-19,6,62,3.53e-15,"ASF1A, BRD2, CENPQ, HEY2, HIST1H1A, HIST1H1B, HIST1H1C, HIST1H1D, HIST1H1E, HIST1H1T, HIST1H2AA, HIST1H2AB, HIST1H2AC, HIST1H2AD, HIST1H2AE, HIST1H2AG, HIST1H2AH, HIST1H2AI, HIST1H2AJ, HIST1H2AK, HIST1H2AL, HIST1H2AM, HIST1H2BA, HIST1H2BB, HIST1H2BC, HIST1H2BD, HIST1H2BE, HIST1H2BF, HIST1H2BG, HIST1H2BH, HIST1H2BI, HIST1H2BJ, HIST1H2BK, HIST1H2BL, HIST1H2BM, HIST1H2BN, HIST1H2BO, HIST1H3A, HIST1H3B, HIST1H3C, HIST1H3D, HIST1H3E, HIST1H3F, HIST1H3G, HIST1H3H, HIST1H3I, HIST1H3J, HIST1H4A, HIST1H4B, HIST1H4C, HIST1H4D, HIST1H4E, HIST1H4F, HIST1H4G, HIST1H4H, HIST1H4I, HIST1H4J, HIST1H4K, HIST1H4L, SHPRH, TSPYL1, TSPYL4"
Blood cell pcHi-C,Cliques w/ 5+ tissue vs Links w/ 2+ tissue,chr6,GO:0006334,BP,e,nucleosome assembly           ,61/482,61/921,1.19e-18,7,61,3.65e-15,"ASF1A, BRD2, CENPQ, HIST1H1A, HIST1H1B, HIST1H1C, HIST1H1D, HIST1H1E, HIST1H1T, HIST1H2AA, HIST1H2AB, HIST1H2AC, HIST1H2AD, HIST1H2AE, HIST1H2AG, HIST1H2AH, HIST1H2AI, HIST1H2AJ, HIST1H2AK, HIST1H2AL, HIST1H2AM, HIST1H2BA, HIST1H2BB, HIST1H2BC, HIST1H2BD, HIST1H2BE, HIST1H2BF, HIST1H2BG, HIST1H2BH, HIST1H2BI, HIST1H2BJ, HIST1H2BK, HIST1H2BL, HIST1H2BM, HIST1H2BN, HIST1H2BO, HIST1H3A, HIST1H3B, HIST1H3C, HIST1H3D, HIST1H3E, HIST1H3F, HIST1H3G, HIST1H3H, HIST1H3I, HIST1H3J, HIST1H4A, HIST1H4B, HIST1H4C, HIST1H4D, HIST1H4E, HIST1H4F, HIST1H4G, HIST1H4H, HIST1H4I, HIST1H4J, HIST1H4K, HIST1H4L, SHPRH, TSPYL1, TSPYL4"
Blood cell pcHi-C,Cliques w/ 5+ tissue vs Links w/ 2+ tissue,chr6,GO:0071824,BP,e,protein-DNA complex subunit organization,62/482,63/921,1.76e-17,5,62,2.22e-14,"ASF1A, BRD2, CENPQ, HEY2, HIST1H1A, HIST1H1B, HIST1H1C, HIST1H1D, HIST1H1E, HIST1H1T, HIST1H2AA, HIST1H2AB, HIST1H2AC, HIST1H2AD, HIST1H2AE, HIST1H2AG, HIST1H2AH, HIST1H2AI, HIST1H2AJ, HIST1H2AK, HIST1H2AL, HIST1H2AM, HIST1H2BA, HIST1H2BB, HIST1H2BC, HIST1H2BD, HIST1H2BE, HIST1H2BF, HIST1H2BG, HIST1H2BH, HIST1H2BI, HIST1H2BJ, HIST1H2BK, HIST1H2BL, HIST1H2BM, HIST1H2BN, HIST1H2BO, HIST1H3A, HIST1H3B, HIST1H3C, HIST1H3D, HIST1H3E, HIST1H3F, HIST1H3G, HIST1H3H, HIST1H3I, HIST1H3J, HIST1H4A, HIST1H4B, HIST1H4C, HIST1H4D, HIST1H4E, HIST1H4F, HIST1H4G, HIST1H4H, HIST1H4I, HIST1H4J, HIST1H4K, HIST1H4L, SHPRH, TSPYL1, TSPYL4"
Blood cell pcHi-C,Cliques w/ 5+ tissue vs Links w/ 2+ tissue,chr6,GO:0034728,BP,e,nucleosome organization       ,61/482,62/921,3.57e-17,6,61,3.13e-14,"ASF1A, BRD2, CENPQ, HIST1H1A, HIST1H1B, HIST1H1C, HIST1H1D, HIST1H1E, HIST1H1T, HIST1H2AA, HIST1H2AB, HIST1H2AC, HIST1H2AD, HIST1H2AE, HIST1H2AG, HIST1H2AH, HIST1H2AI, HIST1H2AJ, HIST1H2AK, HIST1H2AL, HIST1H2AM, HIST1H2BA, HIST1H2BB, HIST1H2BC, HIST1H2BD, HIST1H2BE, HIST1H2BF, HIST1H2BG, HIST1H2BH, HIST1H2BI, HIST1H2BJ, HIST1H2BK, HIST1H2BL, HIST1H2BM, HIST1H2BN, HIST1H2BO, HIST1H3A, HIST1H3B, HIST1H3C, HIST1H3D, HIST1H3E, HIST1H3F, HIST1H3G, HIST1H3H, HIST1H3I, HIST1H3J, HIST1H4A, HIST1H4B, HIST1H4C, HIST1H4D, HIST1H4E, HIST1H4F, HIST1H4G, HIST1H4H, HIST1H4I, HIST1H4J, HIST1H4K, HIST1H4L, SHPRH, TSPYL1, TSPYL4"
Blood cell pcHi-C,Cliques w/ 5+ tissue vs Links w/ 2+ tissue,chr6,GO:0006338,BP,e,chromatin remodeling          ,66/482,69/921,3.35e-16,5,66,2.57e-13,"ARID1B, ASF1A, BRD2, CENPQ, HDAC2, HIST1H1A, HIST1H1B, HIST1H1C, HIST1H1D, HIST1H1E, HIST1H1T, HIST1H2AA, HIST1H2AB, HIST1H2AC, HIST1H2AD, HIST1H2AE, HIST1H2AG, HIST1H2AH, HIST1H2AI, HIST1H2AJ, HIST1H2AK, HIST1H2AL, HIST1H2AM, HIST1H2BA, HIST1H2BB, HIST1H2BC, HIST1H2BD, HIST1H2BE, HIST1H2BF, HIST1H2BG, HIST1H2BH, HIST1H2BI, HIST1H2BJ, HIST1H2BK, HIST1H2BL, HIST1H2BM, HIST1H2BN, HIST1H2BO, HIST1H3A, HIST1H3B, HIST1H3C, HIST1H3D, HIST1H3E, HIST1H3F, HIST1H3G, HIST1H3H, HIST1H3I, HIST1H3J, HIST1H4A, HIST1H4B, HIST1H4C, HIST1H4D, HIST1H4E, HIST1H4F, HIST1H4G, HIST1H4H, HIST1H4I, HIST1H4J, HIST1H4K, HIST1H4L, MYB, SHPRH, SIRT5, TSPYL1, TSPYL4, UBR2"
Blood cell pcHi-C,Cliques w/ 5+ tissue vs Links w/ 2+ tissue,chr6,GO:0006325,BP,e,chromatin organization        ,70/482,76/921,8.34e-15,4,70,5.68e-12,"ARID1B, ASF1A, BAG6, BRD2, CENPQ, DEK, HDAC2, HIST1H1A, HIST1H1B, HIST1H1C, HIST1H1D, HIST1H1E, HIST1H1T, HIST1H2AA, HIST1H2AB, HIST1H2AC, HIST1H2AD, HIST1H2AE, HIST1H2AG, HIST1H2AH, HIST1H2AI, HIST1H2AJ, HIST1H2AK, HIST1H2AL, HIST1H2AM, HIST1H2BA, HIST1H2BB, HIST1H2BC, HIST1H2BD, HIST1H2BE, HIST1H2BF, HIST1H2BG, HIST1H2BH, HIST1H2BI, HIST1H2BJ, HIST1H2BK, HIST1H2BL, HIST1H2BM, HIST1H2BN, HIST1H2BO, HIST1H3A, HIST1H3B, HIST1H3C, HIST1H3D, HIST1H3E, HIST1H3F, HIST1H3G, HIST1H3H, HIST1H3I, HIST1H3J, HIST1H4A, HIST1H4B, HIST1H4C, HIST1H4D, HIST1H4E, HIST1H4F, HIST1H4G, HIST1H4H, HIST1H4I, HIST1H4J, HIST1H4K, HIST1H4L, HMGN3, L3MBTL3, MYB, SHPRH, SIRT5, TSPYL1, TSPYL4, UBR2"
Blood cell pcHi-C,Cliques w/ 5+ tissue vs Links w/ 2+ tissue,chr6,GO:0065003,BP,e,protein-containing complex assembly,91/482,110/921,2.28e-12,5,91,1.4e-09,"ACOT13, AIF1, ALDH5A1, APOM, ASF1A, BRD2, CD2AP, CENPQ, CSNK2B, DDX39B, FBXO5, GMNN, GOPC, HEY2, HFE, HIST1H1A, HIST1H1B, HIST1H1C, HIST1H1D, HIST1H1E, HIST1H1T, HIST1H2AA, HIST1H2AB, HIST1H2AC, HIST1H2AD, HIST1H2AE, HIST1H2AG, HIST1H2AH, HIST1H2AI, HIST1H2AJ, HIST1H2AK, HIST1H2AL, HIST1H2AM, HIST1H2BA, HIST1H2BB, HIST1H2BC, HIST1H2BD, HIST1H2BE, HIST1H2BF, HIST1H2BG, HIST1H2BH, HIST1H2BI, HIST1H2BJ, HIST1H2BK, HIST1H2BL, HIST1H2BM, HIST1H2BN, HIST1H2BO, HIST1H3A, HIST1H3B, HIST1H3C, HIST1H3D, HIST1H3E, HIST1H3F, HIST1H3G, HIST1H3H, HIST1H3I, HIST1H3J, HIST1H4A, HIST1H4B, HIST1H4C, HIST1H4D, HIST1H4E, HIST1H4F, HIST1H4G, HIST1H4H, HIST1H4I, HIST1H4J, HIST1H4K, HIST1H4L, HLA-DMA, MDN1, ME1, NDUFAF4, NUP153, PFDN6, PLN, RANBP9, RIPK1, SHPRH, SNX9, SOD2, TAPBP, TCP1, TNFAIP3, TRIM27, TSPYL1, TSPYL4, TUBB, TUBE1, WASF1"
Blood cell pcHi-C,Cliques w/ 5+ tissue vs Links w/ 2+ tissue,chr6,GO:0043933,BP,e,protein-containing complex organization,95/482,117/921,5.47e-12,4,95,3.05e-09,"ACOT13, AIF1, ALDH5A1, APOM, ASF1A, BRD2, CD2AP, CENPQ, CSNK2B, DDX39B, FBXO5, GMNN, GOPC, HEY2, HFE, HIST1H1A, HIST1H1B, HIST1H1C, HIST1H1D, HIST1H1E, HIST1H1T, HIST1H2AA, HIST1H2AB, HIST1H2AC, HIST1H2AD, HIST1H2AE, HIST1H2AG, HIST1H2AH, HIST1H2AI, HIST1H2AJ, HIST1H2AK, HIST1H2AL, HIST1H2AM, HIST1H2BA, HIST1H2BB, HIST1H2BC, HIST1H2BD, HIST1H2BE, HIST1H2BF, HIST1H2BG, HIST1H2BH, HIST1H2BI, HIST1H2BJ, HIST1H2BK, HIST1H2BL, HIST1H2BM, HIST1H2BN, HIST1H2BO, HIST1H3A, HIST1H3B, HIST1H3C, HIST1H3D, HIST1H3E, HIST1H3F, HIST1H3G, HIST1H3H, HIST1H3I, HIST1H3J, HIST1H4A, HIST1H4B, HIST1H4C, HIST1H4D, HIST1H4E, HIST1H4F, HIST1H4G, HIST1H4H, HIST1H4I, HIST1H4J, HIST1H4K, HIST1H4L, HLA-DMA, MDN1, ME1, MICAL1, MTRF1L, NDUFAF4, NUP153, PFDN6, PLN, RANBP9, RIPK1, RPS12, RPS18, SHPRH, SNX9, SOD2, TAPBP, TCP1, TNFAIP3, TRIM27, TSPYL1, TSPYL4, TUBB, TUBE1, WASF1"
Blood cell pcHi-C,Cliques w/ 5+ tissue vs Links w/ 2+ tissue,chr6,GO:0022607,BP,e,cellular component assembly   ,108/482,138/921,1.3e-11,4,108,6.66e-09,"ACOT13, AHI1, AIF1, ALDH5A1, APOM, ASF1A, BAG6, BRD2, CD2AP, CENPQ, CSNK2B, DDX39B, DST, EHMT2, FBXO5, FGD2, FIG4, GMNN, GOPC, HEY2, HFE, HIST1H1A, HIST1H1B, HIST1H1C, HIST1H1D, HIST1H1E, HIST1H1T, HIST1H2AA, HIST1H2AB, HIST1H2AC, HIST1H2AD, HIST1H2AE, HIST1H2AG, HIST1H2AH, HIST1H2AI, HIST1H2AJ, HIST1H2AK, HIST1H2AL, HIST1H2AM, HIST1H2BA, HIST1H2BB, HIST1H2BC, HIST1H2BD, HIST1H2BE, HIST1H2BF, HIST1H2BG, HIST1H2BH, HIST1H2BI, HIST1H2BJ, HIST1H2BK, HIST1H2BL, HIST1H2BM, HIST1H2BN, HIST1H2BO, HIST1H3A, HIST1H3B, HIST1H3C, HIST1H3D, HIST1H3E, HIST1H3F, HIST1H3G, HIST1H3H, HIST1H3I, HIST1H3J, HIST1H4A, HIST1H4B, HIST1H4C, HIST1H4D, HIST1H4E, HIST1H4F, HIST1H4G, HIST1H4H, HIST1H4I, HIST1H4J, HIST1H4K, HIST1H4L, HLA-DMA, KIAA1009, MDN1, ME1, MSH5, MYO6, NDUFAF4, NEDD9, NUP153, PFDN6, PHACTR1, PLN, PTPRK, RAB23, RANBP9, RIPK1, RSPH4A, RSPH9, SHPRH, SNX9, SOD2, TAPBP, TBPL1, TCP1, TNFAIP3, TNXB, TRIM27, TSPYL1, TSPYL4, TUBB, TUBE1, WASF1"
Blood cell pcHi-C,Cliques w/ 5+ tissue vs Links w/ 2+ tissue,chr6,GO:0016043,BP,e,cellular component organization,156/482,229/921,3.26e-08,3,156,1.18e-05,"ACOT13, AGER, AHI1, AIF1, ALDH5A1, APOM, ARID1B, ASCC3, ASF1A, ATP6V1G2, BAG6, BLOC1S5, BRD2, CD2AP, CENPQ, CEP57L1, COL12A1, CSNK2B, DDR1, DDX39B, DEK, DOPEY1, DSP, DST, DYNLT1, EHMT2, FBXO5, FGD2, FGFR1OP, FIG4, FLOT1, FOXC1, GCLC, GMNN, GOPC, HDAC2, HEY2, HFE, HIST1H1A, HIST1H1B, HIST1H1C, HIST1H1D, HIST1H1E, HIST1H1T, HIST1H2AA, HIST1H2AB, HIST1H2AC, HIST1H2AD, HIST1H2AE, HIST1H2AG, HIST1H2AH, HIST1H2AI, HIST1H2AJ, HIST1H2AK, HIST1H2AL, HIST1H2AM, HIST1H2BA, HIST1H2BB, HIST1H2BC, HIST1H2BD, HIST1H2BE, HIST1H2BF, HIST1H2BG, HIST1H2BH, HIST1H2BI, HIST1H2BJ, HIST1H2BK, HIST1H2BL, HIST1H2BM, HIST1H2BN, HIST1H2BO, HIST1H3A, HIST1H3B, HIST1H3C, HIST1H3D, HIST1H3E, HIST1H3F, HIST1H3G, HIST1H3H, HIST1H3I, HIST1H3J, HIST1H4A, HIST1H4B, HIST1H4C, HIST1H4D, HIST1H4E, HIST1H4F, HIST1H4G, HIST1H4H, HIST1H4I, HIST1H4J, HIST1H4K, HIST1H4L, HLA-DMA, HMGN3, HSP90AB1, IER3, KATNA1, KIAA1009, KIF13A, KIFC1, L3MBTL3, LAMA2, LATS1, LST1, MAP7, MDN1, ME1, MICAL1, MSH5, MTFR2, MTRF1L, MYB, MYO6, NDUFAF4, NEDD9, NUP153, PERP, PEX7, PFDN6, PHACTR1, PHIP, PLN, PTPRK, RAB23, RAB32, RANBP9, RIPK1, RPS12, RPS18, RPS6KA2, RSPH4A, RSPH9, SHPRH, SIRT5, SNX9, SOD2, SYNE1, TAPBP, TBPL1, TCP1, TFAP2A, TMEM30A, TNF, TNFAIP3, TNXB, TRIM27, TSPYL1, TSPYL4, TTK, TUBB, TUBE1, UBR2, VEGFA, WASF1, ZKSCAN3"
Blood cell pcHi-C,Cliques w/ 5+ tissue vs Links w/ 2+ tissue,chr6,GO:0071840,BP,e,cellular component organization or biogenesis,157/482,231/921,3.62e-08,2,157,1.23e-05,"ACOT13, AGER, AHI1, AIF1, ALDH5A1, APOM, ARID1B, ASCC3, ASF1A, ATP6V1G2, BAG6, BLOC1S5, BRD2, CD2AP, CENPQ, CEP57L1, COL12A1, CSNK2B, DDR1, DDX39B, DEK, DOPEY1, DSP, DST, DYNLT1, EHMT2, FBXO5, FGD2, FGFR1OP, FIG4, FLOT1, FOXC1, GCLC, GMNN, GNL1, GOPC, HDAC2, HEY2, HFE, HIST1H1A, HIST1H1B, HIST1H1C, HIST1H1D, HIST1H1E, HIST1H1T, HIST1H2AA, HIST1H2AB, HIST1H2AC, HIST1H2AD, HIST1H2AE, HIST1H2AG, HIST1H2AH, HIST1H2AI, HIST1H2AJ, HIST1H2AK, HIST1H2AL, HIST1H2AM, HIST1H2BA, HIST1H2BB, HIST1H2BC, HIST1H2BD, HIST1H2BE, HIST1H2BF, HIST1H2BG, HIST1H2BH, HIST1H2BI, HIST1H2BJ, HIST1H2BK, HIST1H2BL, HIST1H2BM, HIST1H2BN, HIST1H2BO, HIST1H3A, HIST1H3B, HIST1H3C, HIST1H3D, HIST1H3E, HIST1H3F, HIST1H3G, HIST1H3H, HIST1H3I, HIST1H3J, HIST1H4A, HIST1H4B, HIST1H4C, HIST1H4D, HIST1H4E, HIST1H4F, HIST1H4G, HIST1H4H, HIST1H4I, HIST1H4J, HIST1H4K, HIST1H4L, HLA-DMA, HMGN3, HSP90AB1, IER3, KATNA1, KIAA1009, KIF13A, KIFC1, L3MBTL3, LAMA2, LATS1, LST1, MAP7, MDN1, ME1, MICAL1, MSH5, MTFR2, MTRF1L, MYB, MYO6, NDUFAF4, NEDD9, NUP153, PERP, PEX7, PFDN6, PHACTR1, PHIP, PLN, PTPRK, RAB23, RAB32, RANBP9, RIPK1, RPS12, RPS18, RPS6KA2, RSPH4A, RSPH9, SHPRH, SIRT5, SNX9, SOD2, SYNE1, TAPBP, TBPL1, TCP1, TFAP2A, TMEM30A, TNF, TNFAIP3, TNXB, TRIM27, TSPYL1, TSPYL4, TTK, TUBB, TUBE1, UBR2, VEGFA, WASF1, ZKSCAN3"
Blood cell pcHi-C,Cliques w/ 5+ tissue vs Links w/ 2+ tissue,chr6,GO:0006996,BP,e,organelle organization        ,57/482,76/921,3.54e-05,4,57,0.007,"AHI1, ASCC3, ATP6V1G2, BAG6, BLOC1S5, CD2AP, CEP57L1, DOPEY1, DSP, DST, DYNLT1, EHMT2, FBXO5, FGD2, FGFR1OP, FIG4, GCLC, GOPC, HIST1H4A, HIST1H4B, HIST1H4C, HIST1H4D, HIST1H4E, HIST1H4F, HIST1H4H, HIST1H4I, HIST1H4J, HIST1H4K, HIST1H4L, IER3, KATNA1, KIAA1009, KIF13A, KIFC1, LATS1, MAP7, MICAL1, MTFR2, NEDD9, NUP153, PEX7, PHACTR1, PHIP, RAB23, RAB32, RANBP9, RSPH4A, RSPH9, SOD2, SYNE1, TBPL1, TNXB, TTK, TUBB, UBR2, WASF1, ZKSCAN3"
Blood cell pcHi-C,Cliques w/ 5+ tissue vs Links w/ 2+ tissue,chr6,GO:0044815,CC,e,DNA packaging complex         ,57/482,57/921,2.18e-17,2,57,2.22e-14,"HIST1H1A, HIST1H1B, HIST1H1C, HIST1H1D, HIST1H1E, HIST1H1T, HIST1H2AA, HIST1H2AB, HIST1H2AC, HIST1H2AD, HIST1H2AE, HIST1H2AG, HIST1H2AH, HIST1H2AI, HIST1H2AJ, HIST1H2AK, HIST1H2AL, HIST1H2AM, HIST1H2BA, HIST1H2BB, HIST1H2BC, HIST1H2BD, HIST1H2BE, HIST1H2BF, HIST1H2BG, HIST1H2BH, HIST1H2BI, HIST1H2BJ, HIST1H2BK, HIST1H2BL, HIST1H2BM, HIST1H2BN, HIST1H2BO, HIST1H3A, HIST1H3B, HIST1H3C, HIST1H3D, HIST1H3E, HIST1H3F, HIST1H3G, HIST1H3H, HIST1H3I, HIST1H3J, HIST1H4A, HIST1H4B, HIST1H4C, HIST1H4D, HIST1H4E, HIST1H4F, HIST1H4G, HIST1H4H, HIST1H4I, HIST1H4J, HIST1H4K, HIST1H4L, IRF4, SHPRH"
Blood cell pcHi-C,Cliques w/ 5+ tissue vs Links w/ 2+ tissue,chr6,GO:0032993,CC,e,protein-DNA complex           ,57/482,57/921,2.18e-17,2,57,2.22e-14,"HIST1H1A, HIST1H1B, HIST1H1C, HIST1H1D, HIST1H1E, HIST1H1T, HIST1H2AA, HIST1H2AB, HIST1H2AC, HIST1H2AD, HIST1H2AE, HIST1H2AG, HIST1H2AH, HIST1H2AI, HIST1H2AJ, HIST1H2AK, HIST1H2AL, HIST1H2AM, HIST1H2BA, HIST1H2BB, HIST1H2BC, HIST1H2BD, HIST1H2BE, HIST1H2BF, HIST1H2BG, HIST1H2BH, HIST1H2BI, HIST1H2BJ, HIST1H2BK, HIST1H2BL, HIST1H2BM, HIST1H2BN, HIST1H2BO, HIST1H3A, HIST1H3B, HIST1H3C, HIST1H3D, HIST1H3E, HIST1H3F, HIST1H3G, HIST1H3H, HIST1H3I, HIST1H3J, HIST1H4A, HIST1H4B, HIST1H4C, HIST1H4D, HIST1H4E, HIST1H4F, HIST1H4G, HIST1H4H, HIST1H4I, HIST1H4J, HIST1H4K, HIST1H4L, IRF4, SHPRH"
Blood cell pcHi-C,Cliques w/ 5+ tissue vs Links w/ 2+ tissue,chr6,GO:0000786,CC,e,nucleosome                    ,57/482,57/921,2.18e-17,3,57,2.22e-14,"HIST1H1A, HIST1H1B, HIST1H1C, HIST1H1D, HIST1H1E, HIST1H1T, HIST1H2AA, HIST1H2AB, HIST1H2AC, HIST1H2AD, HIST1H2AE, HIST1H2AG, HIST1H2AH, HIST1H2AI, HIST1H2AJ, HIST1H2AK, HIST1H2AL, HIST1H2AM, HIST1H2BA, HIST1H2BB, HIST1H2BC, HIST1H2BD, HIST1H2BE, HIST1H2BF, HIST1H2BG, HIST1H2BH, HIST1H2BI, HIST1H2BJ, HIST1H2BK, HIST1H2BL, HIST1H2BM, HIST1H2BN, HIST1H2BO, HIST1H3A, HIST1H3B, HIST1H3C, HIST1H3D, HIST1H3E, HIST1H3F, HIST1H3G, HIST1H3H, HIST1H3I, HIST1H3J, HIST1H4A, HIST1H4B, HIST1H4C, HIST1H4D, HIST1H4E, HIST1H4F, HIST1H4G, HIST1H4H, HIST1H4I, HIST1H4J, HIST1H4K, HIST1H4L, IRF4, SHPRH"
Blood cell pcHi-C,Cliques w/ 5+ tissue vs Links w/ 2+ tissue,chr6,GO:0043227,CC,e,membrane-bounded organelle    ,284/482,462/921,2.81e-08,3,284,1.08e-05,"ABT1, ACAT2, ACOT13, AGPAT1, AHI1, AIF1, AK9, AKIRIN2, ALDH5A1, ANKRD6, ARID1B, ASCC3, ASF1A, ATF6B, ATP6V1G2, ATXN1, BACH2, BAG6, BCKDHB, BLOC1S5, BLOC1S5-TXNDC5, BRD2, BYSL, C6orf136, C6orf25, C6orf57, CAPN11, CCND3, CD164, CD2AP, CDKAL1, CITED2, CLIC1, COL12A1, COQ3, COX7A2, CSNK2B, CYB5R4, DDAH2, DDX39B, DEK, DHX16, DSE, DSP, DST, DUSP22, DXO, DYNLT1, EEF1A1, EEF1E1-BLOC1S5, EFHC1, EHMT2, ELOVL4, ELOVL5, EPM2A, FAM65B, FBXO5, FGD2, FGFR1OP, FKBP5, FLOT1, FOXC1, FOXO3, GCM1, GMNN, GOPC, GPLD1, HDAC2, HDDC2, HEY2, HFE, HINT3, HIST1H1A, HIST1H1B, HIST1H1C, HIST1H1D, HIST1H1E, HIST1H1T, HIST1H2AA, HIST1H2AB, HIST1H2AC, HIST1H2AD, HIST1H2AE, HIST1H2AG, HIST1H2AH, HIST1H2AI, HIST1H2AJ, HIST1H2AK, HIST1H2AL, HIST1H2AM, HIST1H2BA, HIST1H2BB, HIST1H2BC, HIST1H2BD, HIST1H2BE, HIST1H2BF, HIST1H2BG, HIST1H2BH, HIST1H2BI, HIST1H2BJ, HIST1H2BK, HIST1H2BL, HIST1H2BM, HIST1H2BN, HIST1H2BO, HIST1H4A, HIST1H4B, HIST1H4C, HIST1H4D, HIST1H4E, HIST1H4F, HIST1H4G, HIST1H4H, HIST1H4I, HIST1H4J, HIST1H4K, HIST1H4L, HIVEP1, HIVEP2, HLA-DMA, HLA-DOB, HLA-DRA, HMGN3, HMGN4, HSF2, HSP90AB1, HSPA1A, HSPA1B, HSPA1L, IBTK, ICK, IER3, IGF2R, IRF4, KATNA1, KDM1B, KIAA0319, KIAA1009, KIFC1, KPNA5, L3MBTL3, LCA5, LSM2, LST1, LYRM2, MAK, MAN1A1, MANEA, MAP3K5, MARCKS, MCM3, MCM9, MDC1, MDN1, ME1, MPC1, MRPL18, MRPS18A, MRPS18B, MTFR2, MTHFD1L, MTO1, MTRF1L, MUT, MYB, MYO6, NCOA7, NDUFAF4, NEDD9, NELFE, NEU1, NFKBIL1, NFYA, NHLRC1, NOL7, NOTCH4, NQO2, NT5E, PACRG, PAK1IP1, PBX2, PERP, PEX7, PHACTR1, PHF3, PHIP, PIM1, PLAGL1, PLN, PNRC1, PPARD, PPIL4, PPP1R10, PRICKLE4, PRRC2A, PRSS35, PSMB9, QKI, RAB23, RAB32, RANBP9, RARS2, REV3L, RIPK1, RIPPLY2, RMND1, RNASET2, RNF146, RNGTT, RPF2, RPS6KA2, RRAGD, RSPH4A, RSPH9, SEC63, SENP6, SERPINB9, SESN1, SH3BGRL2, SHPRH, SIRT5, SKIV2L, SLC17A5, SLC35B3, SNRNP48, SNX3, SNX9, SOD2, SOX4, SSR1, STK19, STXBP5, SUMO4, SYCP2L, SYNCRIP, SYNE1, TAF8, TAP1, TAP2, TAPBP, TBC1D32, TBC1D7, TBP, TBPL1, TCP1, TDP2, TFAP2A, TFB1M, THEMIS, TMEM30A, TNF, TNFAIP3, TOMM6, TRAPPC3L, TRERF1, TRIM27, TSPYL1, TSPYL4, TUBB, UBR2, UFL1, USP49, UST, UTRN, VARS, VEGFA, WASF1, WRNIP1, WTAP, ZBTB12, ZBTB2, ZBTB24, ZC3H12D, ZKSCAN3, ZKSCAN4, ZKSCAN8, ZNF184, ZNF292, ZNF311, ZNF451, ZSCAN12, ZSCAN16, ZSCAN31, ZSCAN9"
Blood cell pcHi-C,Cliques w/ 5+ tissue vs Links w/ 2+ tissue,chr6,GO:0043231,CC,e,intracellular membrane-bounded organelle,277/482,450/921,4.25e-08,4,277,1.37e-05,"ABT1, ACAT2, ACOT13, AGPAT1, AIF1, AK9, AKIRIN2, ALDH5A1, ANKRD6, ARID1B, ASCC3, ASF1A, ATF6B, ATP6V1G2, ATXN1, BACH2, BAG6, BCKDHB, BLOC1S5, BLOC1S5-TXNDC5, BRD2, BYSL, C6orf136, C6orf25, C6orf57, CAPN11, CCND3, CD164, CD2AP, CDKAL1, CITED2, CLIC1, COQ3, COX7A2, CSNK2B, CYB5R4, DDAH2, DDX39B, DEK, DHX16, DSE, DSP, DST, DUSP22, DXO, DYNLT1, EEF1A1, EEF1E1-BLOC1S5, EHMT2, ELOVL4, ELOVL5, EPM2A, FAM65B, FBXO5, FGD2, FGFR1OP, FKBP5, FLOT1, FOXC1, FOXO3, GCM1, GMNN, GOPC, GPLD1, HDAC2, HDDC2, HEY2, HFE, HINT3, HIST1H1A, HIST1H1B, HIST1H1C, HIST1H1D, HIST1H1E, HIST1H1T, HIST1H2AA, HIST1H2AB, HIST1H2AC, HIST1H2AD, HIST1H2AE, HIST1H2AG, HIST1H2AH, HIST1H2AI, HIST1H2AJ, HIST1H2AK, HIST1H2AL, HIST1H2AM, HIST1H2BA, HIST1H2BB, HIST1H2BC, HIST1H2BD, HIST1H2BE, HIST1H2BF, HIST1H2BG, HIST1H2BH, HIST1H2BI, HIST1H2BJ, HIST1H2BK, HIST1H2BL, HIST1H2BM, HIST1H2BN, HIST1H2BO, HIST1H4A, HIST1H4B, HIST1H4C, HIST1H4D, HIST1H4E, HIST1H4F, HIST1H4G, HIST1H4H, HIST1H4I, HIST1H4J, HIST1H4K, HIST1H4L, HIVEP1, HIVEP2, HLA-DMA, HLA-DOB, HLA-DRA, HMGN3, HMGN4, HSF2, HSP90AB1, HSPA1A, HSPA1B, HSPA1L, IBTK, ICK, IER3, IGF2R, IRF4, KATNA1, KDM1B, KIAA0319, KIAA1009, KIFC1, KPNA5, L3MBTL3, LSM2, LST1, LYRM2, MAK, MAN1A1, MANEA, MAP3K5, MARCKS, MCM3, MCM9, MDC1, MDN1, ME1, MPC1, MRPL18, MRPS18A, MRPS18B, MTFR2, MTHFD1L, MTO1, MTRF1L, MUT, MYB, MYO6, NCOA7, NDUFAF4, NEDD9, NELFE, NEU1, NFKBIL1, NFYA, NHLRC1, NOL7, NOTCH4, NQO2, PACRG, PAK1IP1, PBX2, PERP, PEX7, PHACTR1, PHF3, PHIP, PIM1, PLAGL1, PLN, PNRC1, PPARD, PPIL4, PPP1R10, PRICKLE4, PRRC2A, PRSS35, PSMB9, QKI, RAB23, RAB32, RANBP9, RARS2, REV3L, RIPK1, RIPPLY2, RMND1, RNASET2, RNF146, RNGTT, RPF2, RPS6KA2, RRAGD, RSPH4A, SEC63, SENP6, SERPINB9, SESN1, SH3BGRL2, SHPRH, SIRT5, SKIV2L, SLC17A5, SLC35B3, SNRNP48, SNX3, SNX9, SOD2, SOX4, SSR1, STK19, STXBP5, SUMO4, SYCP2L, SYNCRIP, SYNE1, TAF8, TAP1, TAP2, TAPBP, TBC1D7, TBP, TBPL1, TCP1, TDP2, TFAP2A, TFB1M, THEMIS, TMEM30A, TNF, TNFAIP3, TOMM6, TRAPPC3L, TRERF1, TRIM27, TSPYL1, TSPYL4, TUBB, UBR2, UFL1, USP49, UST, UTRN, VARS, VEGFA, WASF1, WRNIP1, WTAP, ZBTB12, ZBTB2, ZBTB24, ZC3H12D, ZKSCAN3, ZKSCAN4, ZKSCAN8, ZNF184, ZNF292, ZNF311, ZNF451, ZSCAN12, ZSCAN16, ZSCAN31, ZSCAN9"
Blood cell pcHi-C,Cliques w/ 5+ tissue vs Links w/ 2+ tissue,chr6,GO:0043226,CC,e,organelle                     ,293/482,484/921,1.72e-07,2,293,4.8e-05,"ABCF1, ABT1, ACAT2, ACOT13, AGPAT1, AHI1, AIF1, AK9, AKIRIN2, ALDH5A1, ANKRD6, ARID1B, ASCC3, ASF1A, ATF6B, ATP6V1G2, ATXN1, BACH2, BAG6, BCKDHB, BLOC1S5, BLOC1S5-TXNDC5, BRD2, BYSL, C6orf136, C6orf25, C6orf57, C6orf89, CAPN11, CCND3, CD164, CD2AP, CDKAL1, CITED2, CLIC1, COL12A1, COQ3, COX7A2, CSNK2B, CYB5R4, DDAH2, DDX39B, DEK, DHX16, DSE, DSP, DST, DUSP22, DXO, DYNLT1, EEF1A1, EEF1E1-BLOC1S5, EFHC1, EHMT2, ELOVL4, ELOVL5, EPM2A, FAM65B, FBXO5, FGD2, FGFR1OP, FKBP5, FLOT1, FOXC1, FOXO3, GCM1, GMNN, GOPC, GPLD1, HDAC2, HDDC2, HEY2, HFE, HINT3, HIST1H1A, HIST1H1B, HIST1H1C, HIST1H1D, HIST1H1E, HIST1H1T, HIST1H2AA, HIST1H2AB, HIST1H2AC, HIST1H2AD, HIST1H2AE, HIST1H2AG, HIST1H2AH, HIST1H2AI, HIST1H2AJ, HIST1H2AK, HIST1H2AL, HIST1H2AM, HIST1H2BA, HIST1H2BB, HIST1H2BC, HIST1H2BD, HIST1H2BE, HIST1H2BF, HIST1H2BG, HIST1H2BH, HIST1H2BI, HIST1H2BJ, HIST1H2BK, HIST1H2BL, HIST1H2BM, HIST1H2BN, HIST1H2BO, HIST1H4A, HIST1H4B, HIST1H4C, HIST1H4D, HIST1H4E, HIST1H4F, HIST1H4G, HIST1H4H, HIST1H4I, HIST1H4J, HIST1H4K, HIST1H4L, HIVEP1, HIVEP2, HLA-DMA, HLA-DOB, HLA-DRA, HMGN3, HMGN4, HSF2, HSP90AB1, HSPA1A, HSPA1B, HSPA1L, IBTK, ICK, IER3, IGF2R, IRF4, KATNA1, KDM1B, KIAA0319, KIAA1009, KIFC1, KPNA5, L3MBTL3, LCA5, LSM2, LST1, LYRM2, MAK, MAN1A1, MANEA, MAP3K5, MAP7, MARCKS, MCM3, MCM9, MDC1, MDN1, ME1, MPC1, MRPL18, MRPS18A, MRPS18B, MTFR2, MTHFD1L, MTO1, MTRF1L, MUT, MYB, MYO6, NCOA7, NDUFAF4, NEDD9, NELFE, NEU1, NFKBIL1, NFYA, NHLRC1, NOL7, NOTCH4, NQO2, NT5E, NUP153, PACRG, PAK1IP1, PBX2, PERP, PEX7, PHACTR1, PHF3, PHIP, PIM1, PLAGL1, PLN, PNRC1, PPARD, PPIL4, PPP1R10, PPP1R18, PRICKLE4, PRRC2A, PRSS35, PSMB9, QKI, RAB23, RAB32, RANBP9, RARS2, REV3L, RIPK1, RIPPLY2, RMND1, RNASET2, RNF146, RNGTT, RPF2, RPL7L1, RPS18, RPS6KA2, RRAGD, RSPH4A, RSPH9, SEC63, SENP6, SERPINB9, SESN1, SH3BGRL2, SHPRH, SIRT5, SKIV2L, SLC17A5, SLC35B3, SNRNP48, SNX3, SNX9, SOD2, SOX4, SSR1, STK19, STXBP5, SUMO4, SYCP2L, SYNCRIP, SYNE1, TAF8, TAP1, TAP2, TAPBP, TBC1D32, TBC1D7, TBCC, TBP, TBPL1, TCP1, TDP2, TFAP2A, TFB1M, THEMIS, TMEM30A, TNF, TNFAIP3, TOMM6, TRAPPC3L, TRERF1, TRIM27, TSPYL1, TSPYL4, TTK, TUBB, UBR2, UFL1, USP49, UST, UTRN, VARS, VEGFA, WASF1, WRNIP1, WTAP, ZBTB12, ZBTB2, ZBTB24, ZC3H12D, ZKSCAN3, ZKSCAN4, ZKSCAN8, ZNF184, ZNF292, ZNF311, ZNF451, ZSCAN12, ZSCAN16, ZSCAN31, ZSCAN9"
Blood cell pcHi-C,Cliques w/ 5+ tissue vs Links w/ 2+ tissue,chr6,GO:0043229,CC,e,intracellular organelle       ,288/482,475/921,2.47e-07,3,288,6.57e-05,"ABCF1, ABT1, ACAT2, ACOT13, AGPAT1, AHI1, AIF1, AK9, AKIRIN2, ALDH5A1, ANKRD6, ARID1B, ASCC3, ASF1A, ATF6B, ATP6V1G2, ATXN1, BACH2, BAG6, BCKDHB, BLOC1S5, BLOC1S5-TXNDC5, BRD2, BYSL, C6orf136, C6orf25, C6orf57, C6orf89, CAPN11, CCND3, CD164, CD2AP, CDKAL1, CITED2, CLIC1, COQ3, COX7A2, CSNK2B, CYB5R4, DDAH2, DDX39B, DEK, DHX16, DSE, DSP, DST, DUSP22, DXO, DYNLT1, EEF1A1, EEF1E1-BLOC1S5, EHMT2, ELOVL4, ELOVL5, EPM2A, FAM65B, FBXO5, FGD2, FGFR1OP, FKBP5, FLOT1, FOXC1, FOXO3, GCM1, GMNN, GOPC, GPLD1, HDAC2, HDDC2, HEY2, HFE, HINT3, HIST1H1A, HIST1H1B, HIST1H1C, HIST1H1D, HIST1H1E, HIST1H1T, HIST1H2AA, HIST1H2AB, HIST1H2AC, HIST1H2AD, HIST1H2AE, HIST1H2AG, HIST1H2AH, HIST1H2AI, HIST1H2AJ, HIST1H2AK, HIST1H2AL, HIST1H2AM, HIST1H2BA, HIST1H2BB, HIST1H2BC, HIST1H2BD, HIST1H2BE, HIST1H2BF, HIST1H2BG, HIST1H2BH, HIST1H2BI, HIST1H2BJ, HIST1H2BK, HIST1H2BL, HIST1H2BM, HIST1H2BN, HIST1H2BO, HIST1H4A, HIST1H4B, HIST1H4C, HIST1H4D, HIST1H4E, HIST1H4F, HIST1H4G, HIST1H4H, HIST1H4I, HIST1H4J, HIST1H4K, HIST1H4L, HIVEP1, HIVEP2, HLA-DMA, HLA-DOB, HLA-DRA, HMGN3, HMGN4, HSF2, HSP90AB1, HSPA1A, HSPA1B, HSPA1L, IBTK, ICK, IER3, IGF2R, IRF4, KATNA1, KDM1B, KIAA0319, KIAA1009, KIFC1, KPNA5, L3MBTL3, LSM2, LST1, LYRM2, MAK, MAN1A1, MANEA, MAP3K5, MAP7, MARCKS, MCM3, MCM9, MDC1, MDN1, ME1, MPC1, MRPL18, MRPS18A, MRPS18B, MTFR2, MTHFD1L, MTO1, MTRF1L, MUT, MYB, MYO6, NCOA7, NDUFAF4, NEDD9, NELFE, NEU1, NFKBIL1, NFYA, NHLRC1, NOL7, NOTCH4, NQO2, NUP153, PACRG, PAK1IP1, PBX2, PERP, PEX7, PHACTR1, PHF3, PHIP, PIM1, PLAGL1, PLN, PNRC1, PPARD, PPIL4, PPP1R10, PPP1R18, PRICKLE4, PRRC2A, PRSS35, PSMB9, QKI, RAB23, RAB32, RANBP9, RARS2, REV3L, RIPK1, RIPPLY2, RMND1, RNASET2, RNF146, RNGTT, RPF2, RPL7L1, RPS18, RPS6KA2, RRAGD, RSPH4A, RSPH9, SEC63, SENP6, SERPINB9, SESN1, SH3BGRL2, SHPRH, SIRT5, SKIV2L, SLC17A5, SLC35B3, SNRNP48, SNX3, SNX9, SOD2, SOX4, SSR1, STK19, STXBP5, SUMO4, SYCP2L, SYNCRIP, SYNE1, TAF8, TAP1, TAP2, TAPBP, TBC1D7, TBCC, TBP, TBPL1, TCP1, TDP2, TFAP2A, TFB1M, THEMIS, TMEM30A, TNF, TNFAIP3, TOMM6, TRAPPC3L, TRERF1, TRIM27, TSPYL1, TSPYL4, TTK, TUBB, UBR2, UFL1, USP49, UST, UTRN, VARS, VEGFA, WASF1, WRNIP1, WTAP, ZBTB12, ZBTB2, ZBTB24, ZC3H12D, ZKSCAN3, ZKSCAN4, ZKSCAN8, ZNF184, ZNF292, ZNF311, ZNF451, ZSCAN12, ZSCAN16, ZSCAN31, ZSCAN9"
Blood cell pcHi-C,Cliques w/ 5+ tissue vs Links w/ 2+ tissue,chr6,GO:0005634,CC,e,nucleus                       ,196/482,304/921,2.76e-07,5,196,7.05e-05,"ABT1, ACAT2, AIF1, AK9, AKIRIN2, ANKRD6, ARID1B, ASCC3, ASF1A, ATF6B, ATXN1, BACH2, BAG6, BRD2, BYSL, CCND3, CITED2, CLIC1, CSNK2B, DDX39B, DEK, DHX16, DST, DUSP22, DXO, EEF1A1, EEF1E1-BLOC1S5, EHMT2, EPM2A, FBXO5, FGD2, FGFR1OP, FKBP5, FOXC1, FOXO3, GCM1, GMNN, HDAC2, HEY2, HIST1H1A, HIST1H1B, HIST1H1C, HIST1H1D, HIST1H1E, HIST1H1T, HIST1H2AA, HIST1H2AB, HIST1H2AC, HIST1H2AD, HIST1H2AE, HIST1H2AG, HIST1H2AH, HIST1H2AI, HIST1H2AJ, HIST1H2AK, HIST1H2AL, HIST1H2AM, HIST1H2BA, HIST1H2BB, HIST1H2BC, HIST1H2BD, HIST1H2BE, HIST1H2BF, HIST1H2BG, HIST1H2BH, HIST1H2BI, HIST1H2BJ, HIST1H2BK, HIST1H2BL, HIST1H2BM, HIST1H2BN, HIST1H2BO, HIST1H4A, HIST1H4B, HIST1H4C, HIST1H4D, HIST1H4E, HIST1H4F, HIST1H4G, HIST1H4H, HIST1H4I, HIST1H4J, HIST1H4K, HIST1H4L, HIVEP1, HIVEP2, HMGN3, HMGN4, HSF2, HSPA1A, HSPA1B, IBTK, ICK, IER3, IGF2R, IRF4, KATNA1, KDM1B, KIAA1009, KIFC1, KPNA5, L3MBTL3, LSM2, MAK, MARCKS, MCM3, MCM9, MDC1, MDN1, MYB, MYO6, NCOA7, NEDD9, NELFE, NFKBIL1, NFYA, NHLRC1, NOL7, NOTCH4, NQO2, PAK1IP1, PBX2, PERP, PHACTR1, PHF3, PHIP, PIM1, PLAGL1, PNRC1, PPARD, PPIL4, PPP1R10, PRICKLE4, PRRC2A, PSMB9, QKI, RAB23, RAB32, RANBP9, REV3L, RIPPLY2, RNF146, RNGTT, RPF2, RPS6KA2, RRAGD, RSPH4A, SENP6, SERPINB9, SESN1, SH3BGRL2, SHPRH, SIRT5, SKIV2L, SNRNP48, SOX4, STK19, SUMO4, SYCP2L, SYNCRIP, SYNE1, TAF8, TAP2, TBP, TBPL1, TCP1, TDP2, TFAP2A, THEMIS, TNFAIP3, TRERF1, TRIM27, TSPYL1, TSPYL4, TUBB, UBR2, UFL1, USP49, UTRN, WRNIP1, WTAP, ZBTB12, ZBTB2, ZBTB24, ZC3H12D, ZKSCAN3, ZKSCAN4, ZKSCAN8, ZNF184, ZNF292, ZNF311, ZNF451, ZSCAN12, ZSCAN16, ZSCAN31, ZSCAN9"
Blood cell pcHi-C,Cliques w/ 5+ tissue vs Links w/ 2+ tissue,chr6,GO:0032991,CC,e,protein-containing complex    ,156/482,238/921,1.98e-06,1,156,0.000433,"ABT1, AHI1, AKIRIN2, APOM, ARID1B, ATP6V1G2, ATP6V1G2-DDX39B, ATXN1, BAG6, BCKDHB, BLOC1S5, BLOC1S5-TXNDC5, CCNC, CCND3, CD2AP, CDC40, CLIC1, COL12A1, COX6A1P2, CSNK2B, CSNK2B-LY6G5B-1181, DDX39B, DYNLT1, E2F3, EEF1A1, EPM2A, FBXO9, FLOT1, FOXC1, GCLC, GCM1, GOPC, GTF3C6, HDAC2, HEY2, HFE, HIST1H1A, HIST1H1B, HIST1H1C, HIST1H1D, HIST1H1E, HIST1H1T, HIST1H2AA, HIST1H2AB, HIST1H2AC, HIST1H2AD, HIST1H2AE, HIST1H2AG, HIST1H2AH, HIST1H2AI, HIST1H2AJ, HIST1H2AK, HIST1H2AL, HIST1H2AM, HIST1H2BA, HIST1H2BB, HIST1H2BC, HIST1H2BD, HIST1H2BE, HIST1H2BF, HIST1H2BG, HIST1H2BH, HIST1H2BI, HIST1H2BJ, HIST1H2BK, HIST1H2BL, HIST1H2BM, HIST1H2BN, HIST1H2BO, HIST1H3A, HIST1H3B, HIST1H3C, HIST1H3D, HIST1H3E, HIST1H3F, HIST1H3G, HIST1H3H, HIST1H3I, HIST1H3J, HIST1H4A, HIST1H4B, HIST1H4C, HIST1H4D, HIST1H4E, HIST1H4F, HIST1H4G, HIST1H4H, HIST1H4I, HIST1H4J, HIST1H4K, HIST1H4L, HLA-DMA, HLA-DOA, HLA-DOB, HLA-DQA1, HLA-DQA2, HLA-DQB1, HLA-DRA, HLA-E, HSP90AB1, HSPA1A, HSPA1B, HSPA1L, IGF2R, IRF4, KIF13A, KIFC1, LAMA2, LSM2, MAP3K7, MAP7, MCM3, MCM9, MED20, MRPS18A, MRPS18B, MYO6, NELFE, NFYA, NUP153, ORC3, PBX2, PFDN6, PLN, PPP1R10, PSMB1, PSMB8, PSMB9, RANBP9, REV3L, RIPK1, RPS12, RPS18, RSPH4A, SERPINB6, SHPRH, SKIV2L, SNRNP48, STX7, STXBP5, SYNCRIP, SYNE1, TAF8, TAP1, TAP2, TAPBP, TBP, TBPL1, TCP1, THEMIS, TNXB, TUBB, TUBE1, UBR2, UTRN, XXbac-BPG181M17.5"
Blood cell pcHi-C,Cliques w/ 5+ tissue vs Links w/ 2+ tissue,chr6,GO:0005622,CC,e,intracellular anatomical structure,65/482,87/921,8.74e-06,2,65,0.00179,"ADGB, ALDH8A1, ARHGAP18, ARID1B, ASCC3, ATF6B, ATXN1, C6orf62, CAPN11, DDX43, GMDS, GPLD1, HIST1H1T, HIST1H2AA, HIST1H2AB, HIST1H2AC, HIST1H2AD, HIST1H2AE, HIST1H2AG, HIST1H2AH, HIST1H2AI, HIST1H2AJ, HIST1H2AK, HIST1H2AL, HIST1H2AM, HIST1H2BA, HIST1H2BB, HIST1H2BC, HIST1H2BD, HIST1H2BE, HIST1H2BF, HIST1H2BG, HIST1H2BH, HIST1H2BI, HIST1H2BJ, HIST1H2BK, HIST1H2BL, HIST1H2BM, HIST1H2BN, HIST1H2BO, HLA-DMA, HLA-DOB, HSP90AB1, HSPA1A, HSPA1B, MRPL18, MRPS18A, MRPS18B, NCOA7, NUP153, RAB23, RAB32, RGL2, RPS18, TAGAP, TNF, TNXB, TRIM27, TRIM38, VARS, ZKSCAN3, ZKSCAN4, ZKSCAN8, ZNF184, ZNF311"
Blood cell pcHi-C,Cliques w/ 5+ tissue vs Links w/ 2+ tissue,chr6,GO:0003677,MF,e,DNA binding                   ,119/482,163/921,4.64e-09,4,119,2.03e-06,"ABT1, ARID1B, ASCC3, ATF6B, ATXN1, BACH2, DDX39B, DEK, E2F3, FOXC1, FOXO3, GCM1, GTF3C6, HDAC2, HEY2, HIST1H1A, HIST1H1B, HIST1H1C, HIST1H1D, HIST1H1E, HIST1H1T, HIST1H2AA, HIST1H2AB, HIST1H2AC, HIST1H2AD, HIST1H2AE, HIST1H2AG, HIST1H2AH, HIST1H2AI, HIST1H2AJ, HIST1H2AK, HIST1H2AL, HIST1H2AM, HIST1H2BA, HIST1H2BB, HIST1H2BC, HIST1H2BD, HIST1H2BE, HIST1H2BF, HIST1H2BG, HIST1H2BH, HIST1H2BI, HIST1H2BJ, HIST1H2BK, HIST1H2BL, HIST1H2BM, HIST1H2BN, HIST1H2BO, HIST1H3A, HIST1H3B, HIST1H3C, HIST1H3D, HIST1H3E, HIST1H3F, HIST1H3G, HIST1H3H, HIST1H3I, HIST1H3J, HIST1H4A, HIST1H4B, HIST1H4C, HIST1H4D, HIST1H4E, HIST1H4F, HIST1H4G, HIST1H4H, HIST1H4I, HIST1H4J, HIST1H4K, HIST1H4L, HIVEP1, HIVEP2, HMGN3, HMGN4, HSF2, IRF4, KDM1B, MB21D1, MCM3, MCM9, MSH5, MSH5-SAPCD1, MYB, NFYA, NUP153, ORC3, PBX2, PLAGL1, PPARD, PPP1R10, REV3L, SHPRH, SOD2, SOX4, TBP, TBPL1, TDP2, TFAP2A, TFB1M, TNF, TNFAIP3, TRERF1, TRIM27, TRMT11, WRNIP1, ZBTB12, ZBTB2, ZBTB24, ZKSCAN3, ZKSCAN4, ZKSCAN8, ZNF184, ZNF292, ZNF311, ZNF451, ZSCAN12, ZSCAN16, ZSCAN31, ZSCAN9"
Blood cell pcHi-C,Cliques w/ 5+ tissue vs Links w/ 2+ tissue,chr6,GO:0003676,MF,e,nucleic acid binding          ,141/482,204/921,5.31e-08,3,141,1.63e-05,"ABCF1, ABT1, ARID1B, ASCC3, ATF6B, ATXN1, BACH2, DDX39B, DDX43, DEK, DHX16, DXO, E2F3, EEF1A1, FOXC1, FOXO3, GCM1, GPANK1, GTF3C6, HBS1L, HDAC2, HEY2, HIST1H1A, HIST1H1B, HIST1H1C, HIST1H1D, HIST1H1E, HIST1H1T, HIST1H2AA, HIST1H2AB, HIST1H2AC, HIST1H2AD, HIST1H2AE, HIST1H2AG, HIST1H2AH, HIST1H2AI, HIST1H2AJ, HIST1H2AK, HIST1H2AL, HIST1H2AM, HIST1H2BA, HIST1H2BB, HIST1H2BC, HIST1H2BD, HIST1H2BE, HIST1H2BF, HIST1H2BG, HIST1H2BH, HIST1H2BI, HIST1H2BJ, HIST1H2BK, HIST1H2BL, HIST1H2BM, HIST1H2BN, HIST1H2BO, HIST1H3A, HIST1H3B, HIST1H3C, HIST1H3D, HIST1H3E, HIST1H3F, HIST1H3G, HIST1H3H, HIST1H3I, HIST1H3J, HIST1H4A, HIST1H4B, HIST1H4C, HIST1H4D, HIST1H4E, HIST1H4F, HIST1H4G, HIST1H4H, HIST1H4I, HIST1H4J, HIST1H4K, HIST1H4L, HIVEP1, HIVEP2, HMGN3, HMGN4, HSF2, HSP90AB1, HSPA1A, HSPA1B, IRF4, KDM1B, KIAA1586, LSM2, MB21D1, MCM3, MCM9, MRPL18, MSH5, MSH5-SAPCD1, MTRF1L, MYB, NELFE, NFYA, NUP153, ORC3, PBX2, PLAGL1, PPARD, PPIL4, PPP1R10, QKI, REV3L, RNASET2, RP11-514O12.4, RPS18, SHPRH, SKIV2L, SOD2, SOX4, SYNCRIP, TBP, TBPL1, TDP2, TFAP2A, TFB1M, TNF, TNFAIP3, TRERF1, TRIM27, TRMT11, WRNIP1, ZBTB12, ZBTB2, ZBTB24, ZKSCAN3, ZKSCAN4, ZKSCAN8, ZNF184, ZNF292, ZNF311, ZNF451, ZSCAN12, ZSCAN16, ZSCAN31, ZSCAN9"
Blood cell pcHi-C,Cliques w/ 5+ tissue vs Links w/ 2+ tissue,chr6,GO:1901363,MF,e,heterocyclic compound binding ,191/482,297/921,5.13e-07,2,191,0.000126,"ABCF1, ABT1, ADGB, AK9, ARID1B, ASCC3, ATF6B, ATXN1, BACH2, CDK19, CYB5R4, DDR1, DDX39B, DDX43, DEK, DHX16, DST, DXO, E2F3, EEF1A1, FKBP5, FOXC1, FOXO3, GCLC, GCM1, GMDS, GNL1, GPANK1, GTF3C6, HBS1L, HDAC2, HEY2, HINT3, HIST1H1A, HIST1H1B, HIST1H1C, HIST1H1D, HIST1H1E, HIST1H1T, HIST1H2AA, HIST1H2AB, HIST1H2AC, HIST1H2AD, HIST1H2AE, HIST1H2AG, HIST1H2AH, HIST1H2AI, HIST1H2AJ, HIST1H2AK, HIST1H2AL, HIST1H2AM, HIST1H2BA, HIST1H2BB, HIST1H2BC, HIST1H2BD, HIST1H2BE, HIST1H2BF, HIST1H2BG, HIST1H2BH, HIST1H2BI, HIST1H2BJ, HIST1H2BK, HIST1H2BL, HIST1H2BM, HIST1H2BN, HIST1H2BO, HIST1H3A, HIST1H3B, HIST1H3C, HIST1H3D, HIST1H3E, HIST1H3F, HIST1H3G, HIST1H3H, HIST1H3I, HIST1H3J, HIST1H4A, HIST1H4B, HIST1H4C, HIST1H4D, HIST1H4E, HIST1H4F, HIST1H4G, HIST1H4H, HIST1H4I, HIST1H4J, HIST1H4K, HIST1H4L, HIVEP1, HIVEP2, HMGN3, HMGN4, HSF2, HSP90AB1, HSPA1A, HSPA1B, HSPA1L, ICK, IRF4, KATNA1, KDM1B, KIAA1586, KIF13A, KIFC1, LATS1, LSM2, MAK, MAP3K5, MAP3K7, MB21D1, MCM3, MCM9, MDN1, ME1, MICAL1, MRPL18, MSH5, MSH5-SAPCD1, MTHFD1L, MTO1, MTRF1L, MUT, MYB, MYO6, NELFE, NFYA, NT5E, NUP153, OARD1, ORC3, PBX2, PIM1, PLAGL1, PPARD, PPIL4, PPP1R10, QKI, RAB23, RAB32, RARS2, REV3L, RIOK1, RIPK1, RNASET2, RNGTT, RP11-514O12.4, RPS18, RPS6KA2, RRAGD, SHPRH, SIRT5, SKIV2L, SOD2, SOX4, STK19, SYNCRIP, SYNE1, TAP1, TAP2, TBP, TBPL1, TCP1, TDP2, TFAP2A, TFB1M, TMEM63B, TNF, TNFAIP3, TRERF1, TRIM27, TRMT11, TTK, TUBB, TUBE1, UBE2J1, VARS, WRNIP1, ZBTB12, ZBTB2, ZBTB24, ZKSCAN3, ZKSCAN4, ZKSCAN8, ZNF184, ZNF292, ZNF311, ZNF451, ZSCAN12, ZSCAN16, ZSCAN31, ZSCAN9"
Blood cell pcHi-C,Cliques w/ 5+ tissue vs Links w/ 2+ tissue,chr6,GO:0097159,MF,e,organic cyclic compound binding,192/482,299/921,5.43e-07,2,192,0.000128,"ABCF1, ABT1, ADGB, AK9, ARID1B, ASCC3, ATF6B, ATXN1, BACH2, CDK19, CYB5R4, DDR1, DDX39B, DDX43, DEK, DHX16, DST, DXO, E2F3, EEF1A1, FKBP5, FOXC1, FOXO3, GCLC, GCM1, GMDS, GNL1, GPANK1, GTF3C6, HBS1L, HDAC2, HEY2, HINT3, HIST1H1A, HIST1H1B, HIST1H1C, HIST1H1D, HIST1H1E, HIST1H1T, HIST1H2AA, HIST1H2AB, HIST1H2AC, HIST1H2AD, HIST1H2AE, HIST1H2AG, HIST1H2AH, HIST1H2AI, HIST1H2AJ, HIST1H2AK, HIST1H2AL, HIST1H2AM, HIST1H2BA, HIST1H2BB, HIST1H2BC, HIST1H2BD, HIST1H2BE, HIST1H2BF, HIST1H2BG, HIST1H2BH, HIST1H2BI, HIST1H2BJ, HIST1H2BK, HIST1H2BL, HIST1H2BM, HIST1H2BN, HIST1H2BO, HIST1H3A, HIST1H3B, HIST1H3C, HIST1H3D, HIST1H3E, HIST1H3F, HIST1H3G, HIST1H3H, HIST1H3I, HIST1H3J, HIST1H4A, HIST1H4B, HIST1H4C, HIST1H4D, HIST1H4E, HIST1H4F, HIST1H4G, HIST1H4H, HIST1H4I, HIST1H4J, HIST1H4K, HIST1H4L, HIVEP1, HIVEP2, HMGN3, HMGN4, HSF2, HSP90AB1, HSPA1A, HSPA1B, HSPA1L, ICK, IRF4, KATNA1, KDM1B, KIAA1586, KIF13A, KIFC1, LATS1, LSM2, MAK, MAP3K5, MAP3K7, MB21D1, MCM3, MCM9, MDN1, ME1, MICAL1, MRPL18, MSH5, MSH5-SAPCD1, MTHFD1L, MTO1, MTRF1L, MUT, MYB, MYO6, NELFE, NFYA, NT5E, NUP153, OARD1, ORC3, PAQR8, PBX2, PIM1, PLAGL1, PPARD, PPIL4, PPP1R10, QKI, RAB23, RAB32, RARS2, REV3L, RIOK1, RIPK1, RNASET2, RNGTT, RP11-514O12.4, RPS18, RPS6KA2, RRAGD, SHPRH, SIRT5, SKIV2L, SOD2, SOX4, STK19, SYNCRIP, SYNE1, TAP1, TAP2, TBP, TBPL1, TCP1, TDP2, TFAP2A, TFB1M, TMEM63B, TNF, TNFAIP3, TRERF1, TRIM27, TRMT11, TTK, TUBB, TUBE1, UBE2J1, VARS, WRNIP1, ZBTB12, ZBTB2, ZBTB24, ZKSCAN3, ZKSCAN4, ZKSCAN8, ZNF184, ZNF292, ZNF311, ZNF451, ZSCAN12, ZSCAN16, ZSCAN31, ZSCAN9"
Blood cell pcHi-C,Cliques w/ 5+ tissue vs Links w/ 2+ tissue,chr6,GO:0046982,MF,e,protein heterodimerization activity,55/482,69/921,1.26e-06,4,55,0.000286,"GCLC, HIST1H2AA, HIST1H2AB, HIST1H2AC, HIST1H2AD, HIST1H2AE, HIST1H2AG, HIST1H2AH, HIST1H2AI, HIST1H2AJ, HIST1H2AK, HIST1H2AL, HIST1H2AM, HIST1H2BA, HIST1H2BB, HIST1H2BC, HIST1H2BD, HIST1H2BE, HIST1H2BF, HIST1H2BG, HIST1H2BH, HIST1H2BI, HIST1H2BJ, HIST1H2BK, HIST1H2BL, HIST1H2BM, HIST1H2BN, HIST1H2BO, HIST1H3A, HIST1H3B, HIST1H3C, HIST1H3D, HIST1H3E, HIST1H3F, HIST1H3G, HIST1H3H, HIST1H3I, HIST1H3J, HIST1H4A, HIST1H4B, HIST1H4C, HIST1H4D, HIST1H4E, HIST1H4F, HIST1H4G, HIST1H4H, HIST1H4I, HIST1H4J, HIST1H4K, HIST1H4L, KATNA1, NOTCH4, RRAGD, TAF8, VEGFA"
Blood cell pcHi-C,Cliques w/ 5+ tissue vs Links w/ 2+ tissue,chr6,GO:0046983,MF,e,protein dimerization activity ,69/482,97/921,9.44e-05,3,69,0.0173,"ALDH5A1, DST, FGFR1OP, GCLC, GOPC, GSTA4, HEY2, HIST1H2AA, HIST1H2AB, HIST1H2AC, HIST1H2AD, HIST1H2AE, HIST1H2AG, HIST1H2AH, HIST1H2AI, HIST1H2AJ, HIST1H2AK, HIST1H2AL, HIST1H2AM, HIST1H2BA, HIST1H2BB, HIST1H2BC, HIST1H2BD, HIST1H2BE, HIST1H2BF, HIST1H2BG, HIST1H2BH, HIST1H2BI, HIST1H2BJ, HIST1H2BK, HIST1H2BL, HIST1H2BM, HIST1H2BN, HIST1H2BO, HIST1H3A, HIST1H3B, HIST1H3C, HIST1H3D, HIST1H3E, HIST1H3F, HIST1H3G, HIST1H3H, HIST1H3I, HIST1H3J, HIST1H4A, HIST1H4B, HIST1H4C, HIST1H4D, HIST1H4E, HIST1H4F, HIST1H4G, HIST1H4H, HIST1H4I, HIST1H4J, HIST1H4K, HIST1H4L, HSF2, KATNA1, MAP3K5, MTHFD1L, NOTCH4, PEX7, RRAGD, SNX9, SYNE1, TAF8, TAP1, TFAP2A, VEGFA"
Randomized blood cell pcHi-C,Cliques w/ 5+ tissue vs Links w/ 2+ tissue,chr6,GO:0065004,BP,e,protein-DNA complex assembly  ,62/572,62/939,2.01e-14,6,62,1.25e-10,"ASF1A, BRD2, CENPQ, HEY2, HIST1H1A, HIST1H1B, HIST1H1C, HIST1H1D, HIST1H1E, HIST1H1T, HIST1H2AA, HIST1H2AB, HIST1H2AC, HIST1H2AD, HIST1H2AE, HIST1H2AG, HIST1H2AH, HIST1H2AI, HIST1H2AJ, HIST1H2AK, HIST1H2AL, HIST1H2AM, HIST1H2BA, HIST1H2BB, HIST1H2BC, HIST1H2BD, HIST1H2BE, HIST1H2BF, HIST1H2BG, HIST1H2BH, HIST1H2BI, HIST1H2BJ, HIST1H2BK, HIST1H2BL, HIST1H2BM, HIST1H2BN, HIST1H2BO, HIST1H3A, HIST1H3B, HIST1H3C, HIST1H3D, HIST1H3E, HIST1H3F, HIST1H3G, HIST1H3H, HIST1H3I, HIST1H3J, HIST1H4A, HIST1H4B, HIST1H4C, HIST1H4D, HIST1H4E, HIST1H4F, HIST1H4G, HIST1H4H, HIST1H4I, HIST1H4J, HIST1H4K, HIST1H4L, SHPRH, TSPYL1, TSPYL4"
Randomized blood cell pcHi-C,Cliques w/ 5+ tissue vs Links w/ 2+ tissue,chr6,GO:0006334,BP,e,nucleosome assembly           ,61/572,61/939,4.04e-14,7,61,1.26e-10,"ASF1A, BRD2, CENPQ, HIST1H1A, HIST1H1B, HIST1H1C, HIST1H1D, HIST1H1E, HIST1H1T, HIST1H2AA, HIST1H2AB, HIST1H2AC, HIST1H2AD, HIST1H2AE, HIST1H2AG, HIST1H2AH, HIST1H2AI, HIST1H2AJ, HIST1H2AK, HIST1H2AL, HIST1H2AM, HIST1H2BA, HIST1H2BB, HIST1H2BC, HIST1H2BD, HIST1H2BE, HIST1H2BF, HIST1H2BG, HIST1H2BH, HIST1H2BI, HIST1H2BJ, HIST1H2BK, HIST1H2BL, HIST1H2BM, HIST1H2BN, HIST1H2BO, HIST1H3A, HIST1H3B, HIST1H3C, HIST1H3D, HIST1H3E, HIST1H3F, HIST1H3G, HIST1H3H, HIST1H3I, HIST1H3J, HIST1H4A, HIST1H4B, HIST1H4C, HIST1H4D, HIST1H4E, HIST1H4F, HIST1H4G, HIST1H4H, HIST1H4I, HIST1H4J, HIST1H4K, HIST1H4L, SHPRH, TSPYL1, TSPYL4"
Randomized blood cell pcHi-C,Cliques w/ 5+ tissue vs Links w/ 2+ tissue,chr6,GO:0006338,BP,e,chromatin remodeling          ,67/572,69/939,4.6e-13,5,67,4.77e-10,"ARID1B, ASF1A, BRD2, CENPQ, CENPW, HDAC2, HIST1H1A, HIST1H1B, HIST1H1C, HIST1H1D, HIST1H1E, HIST1H1T, HIST1H2AA, HIST1H2AB, HIST1H2AC, HIST1H2AD, HIST1H2AE, HIST1H2AG, HIST1H2AH, HIST1H2AI, HIST1H2AJ, HIST1H2AK, HIST1H2AL, HIST1H2AM, HIST1H2BA, HIST1H2BB, HIST1H2BC, HIST1H2BD, HIST1H2BE, HIST1H2BF, HIST1H2BG, HIST1H2BH, HIST1H2BI, HIST1H2BJ, HIST1H2BK, HIST1H2BL, HIST1H2BM, HIST1H2BN, HIST1H2BO, HIST1H3A, HIST1H3B, HIST1H3C, HIST1H3D, HIST1H3E, HIST1H3F, HIST1H3G, HIST1H3H, HIST1H3I, HIST1H3J, HIST1H4A, HIST1H4B, HIST1H4C, HIST1H4D, HIST1H4E, HIST1H4F, HIST1H4G, HIST1H4H, HIST1H4I, HIST1H4J, HIST1H4K, HIST1H4L, MYB, SHPRH, SIRT5, TSPYL1, TSPYL4, UBR2"
Randomized blood cell pcHi-C,Cliques w/ 5+ tissue vs Links w/ 2+ tissue,chr6,GO:0034728,BP,e,nucleosome organization       ,61/572,62/939,6.03e-13,6,61,4.8e-10,"ASF1A, BRD2, CENPQ, HIST1H1A, HIST1H1B, HIST1H1C, HIST1H1D, HIST1H1E, HIST1H1T, HIST1H2AA, HIST1H2AB, HIST1H2AC, HIST1H2AD, HIST1H2AE, HIST1H2AG, HIST1H2AH, HIST1H2AI, HIST1H2AJ, HIST1H2AK, HIST1H2AL, HIST1H2AM, HIST1H2BA, HIST1H2BB, HIST1H2BC, HIST1H2BD, HIST1H2BE, HIST1H2BF, HIST1H2BG, HIST1H2BH, HIST1H2BI, HIST1H2BJ, HIST1H2BK, HIST1H2BL, HIST1H2BM, HIST1H2BN, HIST1H2BO, HIST1H3A, HIST1H3B, HIST1H3C, HIST1H3D, HIST1H3E, HIST1H3F, HIST1H3G, HIST1H3H, HIST1H3I, HIST1H3J, HIST1H4A, HIST1H4B, HIST1H4C, HIST1H4D, HIST1H4E, HIST1H4F, HIST1H4G, HIST1H4H, HIST1H4I, HIST1H4J, HIST1H4K, HIST1H4L, SHPRH, TSPYL1, TSPYL4"
Randomized blood cell pcHi-C,Cliques w/ 5+ tissue vs Links w/ 2+ tissue,chr6,GO:0071824,BP,e,protein-DNA complex subunit organization,62/572,63/939,6.18e-13,5,62,4.8e-10,"ASF1A, BRD2, CENPQ, HEY2, HIST1H1A, HIST1H1B, HIST1H1C, HIST1H1D, HIST1H1E, HIST1H1T, HIST1H2AA, HIST1H2AB, HIST1H2AC, HIST1H2AD, HIST1H2AE, HIST1H2AG, HIST1H2AH, HIST1H2AI, HIST1H2AJ, HIST1H2AK, HIST1H2AL, HIST1H2AM, HIST1H2BA, HIST1H2BB, HIST1H2BC, HIST1H2BD, HIST1H2BE, HIST1H2BF, HIST1H2BG, HIST1H2BH, HIST1H2BI, HIST1H2BJ, HIST1H2BK, HIST1H2BL, HIST1H2BM, HIST1H2BN, HIST1H2BO, HIST1H3A, HIST1H3B, HIST1H3C, HIST1H3D, HIST1H3E, HIST1H3F, HIST1H3G, HIST1H3H, HIST1H3I, HIST1H3J, HIST1H4A, HIST1H4B, HIST1H4C, HIST1H4D, HIST1H4E, HIST1H4F, HIST1H4G, HIST1H4H, HIST1H4I, HIST1H4J, HIST1H4K, HIST1H4L, SHPRH, TSPYL1, TSPYL4"
Randomized blood cell pcHi-C,Cliques w/ 5+ tissue vs Links w/ 2+ tissue,chr6,GO:0006325,BP,e,chromatin organization        ,71/572,77/939,2.15e-10,4,71,1.48e-07,"ARID1B, ASF1A, BAG6, BRD2, CENPQ, CENPW, DEK, HDAC2, HIST1H1A, HIST1H1B, HIST1H1C, HIST1H1D, HIST1H1E, HIST1H1T, HIST1H2AA, HIST1H2AB, HIST1H2AC, HIST1H2AD, HIST1H2AE, HIST1H2AG, HIST1H2AH, HIST1H2AI, HIST1H2AJ, HIST1H2AK, HIST1H2AL, HIST1H2AM, HIST1H2BA, HIST1H2BB, HIST1H2BC, HIST1H2BD, HIST1H2BE, HIST1H2BF, HIST1H2BG, HIST1H2BH, HIST1H2BI, HIST1H2BJ, HIST1H2BK, HIST1H2BL, HIST1H2BM, HIST1H2BN, HIST1H2BO, HIST1H3A, HIST1H3B, HIST1H3C, HIST1H3D, HIST1H3E, HIST1H3F, HIST1H3G, HIST1H3H, HIST1H3I, HIST1H3J, HIST1H4A, HIST1H4B, HIST1H4C, HIST1H4D, HIST1H4E, HIST1H4F, HIST1H4G, HIST1H4H, HIST1H4I, HIST1H4J, HIST1H4K, HIST1H4L, HMGN3, MYB, PHF1, SHPRH, SIRT5, TSPYL1, TSPYL4, UBR2"
Randomized blood cell pcHi-C,Cliques w/ 5+ tissue vs Links w/ 2+ tissue,chr6,GO:0065003,BP,e,protein-containing complex assembly,96/572,112/939,1.87e-09,5,96,1.16e-06,"ACOT13, AIF1, ALDH5A1, APOM, ASF1A, BRD2, CD2AP, CENPQ, CENPW, CSNK2B, DDX39B, GMNN, GOPC, HEY2, HFE, HIST1H1A, HIST1H1B, HIST1H1C, HIST1H1D, HIST1H1E, HIST1H1T, HIST1H2AA, HIST1H2AB, HIST1H2AC, HIST1H2AD, HIST1H2AE, HIST1H2AG, HIST1H2AH, HIST1H2AI, HIST1H2AJ, HIST1H2AK, HIST1H2AL, HIST1H2AM, HIST1H2BA, HIST1H2BB, HIST1H2BC, HIST1H2BD, HIST1H2BE, HIST1H2BF, HIST1H2BG, HIST1H2BH, HIST1H2BI, HIST1H2BJ, HIST1H2BK, HIST1H2BL, HIST1H2BM, HIST1H2BN, HIST1H2BO, HIST1H3A, HIST1H3B, HIST1H3C, HIST1H3D, HIST1H3E, HIST1H3F, HIST1H3G, HIST1H3H, HIST1H3I, HIST1H3J, HIST1H4A, HIST1H4B, HIST1H4C, HIST1H4D, HIST1H4E, HIST1H4F, HIST1H4G, HIST1H4H, HIST1H4I, HIST1H4J, HIST1H4K, HIST1H4L, HLA-DMA, HLA-DRB1, ITPR3, KCNQ5, KCTD20, LAMA4, MDN1, ME1, NDUFAF4, NUP153, OOEP, PLN, RANBP9, RIMS1, SHPRH, SNX9, SOD2, SRSF12, TCP1, TNFAIP3, TRIM27, TSPYL1, TSPYL4, TUBB, TUBB2A, TUBE1"
Randomized blood cell pcHi-C,Cliques w/ 5+ tissue vs Links w/ 2+ tissue,chr6,GO:0022607,BP,e,cellular component assembly   ,114/572,140/939,3.32e-08,4,114,1.72e-05,"ACOT13, AHI1, AIF1, ALDH5A1, APOM, ASF1A, BAG6, BRD2, CD2AP, CENPQ, CENPW, CSNK2B, DDX39B, DST, EHMT2, FGD2, GJA10, GMNN, GOPC, HEY2, HFE, HIST1H1A, HIST1H1B, HIST1H1C, HIST1H1D, HIST1H1E, HIST1H1T, HIST1H2AA, HIST1H2AB, HIST1H2AC, HIST1H2AD, HIST1H2AE, HIST1H2AG, HIST1H2AH, HIST1H2AI, HIST1H2AJ, HIST1H2AK, HIST1H2AL, HIST1H2AM, HIST1H2BA, HIST1H2BB, HIST1H2BC, HIST1H2BD, HIST1H2BE, HIST1H2BF, HIST1H2BG, HIST1H2BH, HIST1H2BI, HIST1H2BJ, HIST1H2BK, HIST1H2BL, HIST1H2BM, HIST1H2BN, HIST1H2BO, HIST1H3A, HIST1H3B, HIST1H3C, HIST1H3D, HIST1H3E, HIST1H3F, HIST1H3G, HIST1H3H, HIST1H3I, HIST1H3J, HIST1H4A, HIST1H4B, HIST1H4C, HIST1H4D, HIST1H4E, HIST1H4F, HIST1H4G, HIST1H4H, HIST1H4I, HIST1H4J, HIST1H4K, HIST1H4L, HLA-DMA, HLA-DRB1, ITPR3, KCNQ5, KCTD20, KIAA1009, LAMA4, LRRC16A, MDN1, ME1, MLLT4, MSH5, MYO6, NDUFAF4, NEDD9, NUP153, OOEP, PHACTR1, PLN, PTPRK, RAB23, RANBP9, RIMS1, RSPH4A, SHPRH, SNX9, SOD2, SRSF12, TBPL1, TCP1, TNFAIP3, TNXB, TRIM27, TSPYL1, TSPYL4, TUBB, TUBB2A, TUBE1"
Randomized blood cell pcHi-C,Cliques w/ 5+ tissue vs Links w/ 2+ tissue,chr6,GO:0043933,BP,e,protein-containing complex organization,97/572,119/939,3.61e-07,4,97,0.000125,"ACOT13, AIF1, ALDH5A1, APOM, ASF1A, BRD2, CD2AP, CENPQ, CENPW, CSNK2B, DDX39B, GMNN, GOPC, HEY2, HFE, HIST1H1A, HIST1H1B, HIST1H1C, HIST1H1D, HIST1H1E, HIST1H1T, HIST1H2AA, HIST1H2AB, HIST1H2AC, HIST1H2AD, HIST1H2AE, HIST1H2AG, HIST1H2AH, HIST1H2AI, HIST1H2AJ, HIST1H2AK, HIST1H2AL, HIST1H2AM, HIST1H2BA, HIST1H2BB, HIST1H2BC, HIST1H2BD, HIST1H2BE, HIST1H2BF, HIST1H2BG, HIST1H2BH, HIST1H2BI, HIST1H2BJ, HIST1H2BK, HIST1H2BL, HIST1H2BM, HIST1H2BN, HIST1H2BO, HIST1H3A, HIST1H3B, HIST1H3C, HIST1H3D, HIST1H3E, HIST1H3F, HIST1H3G, HIST1H3H, HIST1H3I, HIST1H3J, HIST1H4A, HIST1H4B, HIST1H4C, HIST1H4D, HIST1H4E, HIST1H4F, HIST1H4G, HIST1H4H, HIST1H4I, HIST1H4J, HIST1H4K, HIST1H4L, HLA-DMA, HLA-DRB1, ITPR3, KCNQ5, KCTD20, LAMA4, MDN1, ME1, NDUFAF4, NUP153, OOEP, PLN, RANBP9, RIMS1, RPS18, SHPRH, SNX9, SOD2, SRSF12, TCP1, TNFAIP3, TRIM27, TSPYL1, TSPYL4, TUBB, TUBB2A, TUBE1"
Randomized blood cell pcHi-C,Cliques w/ 5+ tissue vs Links w/ 2+ tissue,chr6,GO:0044815,CC,e,DNA packaging complex         ,57/572,57/939,2.35e-13,2,57,2.93e-10,"HIST1H1A, HIST1H1B, HIST1H1C, HIST1H1D, HIST1H1E, HIST1H1T, HIST1H2AA, HIST1H2AB, HIST1H2AC, HIST1H2AD, HIST1H2AE, HIST1H2AG, HIST1H2AH, HIST1H2AI, HIST1H2AJ, HIST1H2AK, HIST1H2AL, HIST1H2AM, HIST1H2BA, HIST1H2BB, HIST1H2BC, HIST1H2BD, HIST1H2BE, HIST1H2BF, HIST1H2BG, HIST1H2BH, HIST1H2BI, HIST1H2BJ, HIST1H2BK, HIST1H2BL, HIST1H2BM, HIST1H2BN, HIST1H2BO, HIST1H3A, HIST1H3B, HIST1H3C, HIST1H3D, HIST1H3E, HIST1H3F, HIST1H3G, HIST1H3H, HIST1H3I, HIST1H3J, HIST1H4A, HIST1H4B, HIST1H4C, HIST1H4D, HIST1H4E, HIST1H4F, HIST1H4G, HIST1H4H, HIST1H4I, HIST1H4J, HIST1H4K, HIST1H4L, IRF4, SHPRH"
Randomized blood cell pcHi-C,Cliques w/ 5+ tissue vs Links w/ 2+ tissue,chr6,GO:0032993,CC,e,protein-DNA complex           ,57/572,57/939,2.35e-13,2,57,2.93e-10,"HIST1H1A, HIST1H1B, HIST1H1C, HIST1H1D, HIST1H1E, HIST1H1T, HIST1H2AA, HIST1H2AB, HIST1H2AC, HIST1H2AD, HIST1H2AE, HIST1H2AG, HIST1H2AH, HIST1H2AI, HIST1H2AJ, HIST1H2AK, HIST1H2AL, HIST1H2AM, HIST1H2BA, HIST1H2BB, HIST1H2BC, HIST1H2BD, HIST1H2BE, HIST1H2BF, HIST1H2BG, HIST1H2BH, HIST1H2BI, HIST1H2BJ, HIST1H2BK, HIST1H2BL, HIST1H2BM, HIST1H2BN, HIST1H2BO, HIST1H3A, HIST1H3B, HIST1H3C, HIST1H3D, HIST1H3E, HIST1H3F, HIST1H3G, HIST1H3H, HIST1H3I, HIST1H3J, HIST1H4A, HIST1H4B, HIST1H4C, HIST1H4D, HIST1H4E, HIST1H4F, HIST1H4G, HIST1H4H, HIST1H4I, HIST1H4J, HIST1H4K, HIST1H4L, IRF4, SHPRH"
Randomized blood cell pcHi-C,Cliques w/ 5+ tissue vs Links w/ 2+ tissue,chr6,GO:0000786,CC,e,nucleosome                    ,57/572,57/939,2.35e-13,3,57,2.93e-10,"HIST1H1A, HIST1H1B, HIST1H1C, HIST1H1D, HIST1H1E, HIST1H1T, HIST1H2AA, HIST1H2AB, HIST1H2AC, HIST1H2AD, HIST1H2AE, HIST1H2AG, HIST1H2AH, HIST1H2AI, HIST1H2AJ, HIST1H2AK, HIST1H2AL, HIST1H2AM, HIST1H2BA, HIST1H2BB, HIST1H2BC, HIST1H2BD, HIST1H2BE, HIST1H2BF, HIST1H2BG, HIST1H2BH, HIST1H2BI, HIST1H2BJ, HIST1H2BK, HIST1H2BL, HIST1H2BM, HIST1H2BN, HIST1H2BO, HIST1H3A, HIST1H3B, HIST1H3C, HIST1H3D, HIST1H3E, HIST1H3F, HIST1H3G, HIST1H3H, HIST1H3I, HIST1H3J, HIST1H4A, HIST1H4B, HIST1H4C, HIST1H4D, HIST1H4E, HIST1H4F, HIST1H4G, HIST1H4H, HIST1H4I, HIST1H4J, HIST1H4K, HIST1H4L, IRF4, SHPRH"
Randomized blood cell pcHi-C,Cliques w/ 5+ tissue vs Links w/ 2+ tissue,chr6,GO:0043226,CC,e,organelle                     ,342/572,492/939,1.7e-08,2,342,9.62e-06,"ABCF1, ABT1, ACAT2, ACOT13, AGPAT1, AHI1, AIF1, AKAP12, AKIRIN2, ALDH5A1, ANKRD6, ARID1B, ASF1A, ATF6B, ATP6V1G2, ATXN1, BACH2, BAG6, BAK1, BCKDHB, BCLAF1, BLOC1S5, BLOC1S5-TXNDC5, BMP6, BPHL, BRD2, BYSL, C6orf136, C6orf25, C6orf57, C6orf89, CAPN11, CCHCR1, CCND3, CD164, CD2AP, CDKAL1, CDYL, CENPW, CITED2, CLIC1, COL12A1, COX7A2, CSNK2B, CYB5R4, DDAH2, DDX39B, DEK, DHX16, DLL1, DNPH1, DSE, DSP, DST, DTNBP1, DUSP22, DYNLT1, EEF1A1, EEF1E1-BLOC1S5, EFHC1, EHMT2, ELOVL2, ELOVL4, ELOVL5, EPB41L2, FAM120B, FAM65B, FGD2, FGFR1OP, FKBP5, FKBPL, FLOT1, FOXC1, FOXF2, FRK, FRMD1, FYN, GCM1, GGNBP1, GMNN, GOPC, GPLD1, GRM4, GTF2H4, HDAC2, HDDC2, HEY2, HFE, HINT3, HIST1H1A, HIST1H1B, HIST1H1C, HIST1H1D, HIST1H1E, HIST1H1T, HIST1H2AA, HIST1H2AB, HIST1H2AC, HIST1H2AD, HIST1H2AE, HIST1H2AG, HIST1H2AH, HIST1H2AI, HIST1H2AJ, HIST1H2AK, HIST1H2AL, HIST1H2AM, HIST1H2BA, HIST1H2BB, HIST1H2BC, HIST1H2BD, HIST1H2BE, HIST1H2BF, HIST1H2BG, HIST1H2BH, HIST1H2BI, HIST1H2BJ, HIST1H2BK, HIST1H2BL, HIST1H2BM, HIST1H2BN, HIST1H2BO, HIST1H4A, HIST1H4B, HIST1H4C, HIST1H4D, HIST1H4E, HIST1H4F, HIST1H4G, HIST1H4H, HIST1H4I, HIST1H4J, HIST1H4K, HIST1H4L, HIVEP1, HIVEP2, HLA-DMA, HLA-DOB, HLA-DRA, HMGN3, HMGN4, HSD17B8, HSF2, HSPA1A, HSPA1B, HSPA1L, IBTK, ICK, ID4, IER3, IFNGR1, IGF2R, IP6K3, IRF4, ITPR3, JARID2, KATNA1, KDM1B, KIAA0319, KIAA1009, KIFC1, KPNA5, LACE1, LAMA4, LCA5, LIN28B, LRRC16A, LSM2, LTV1, LYRM2, MAK, MAN1A1, MAP3K5, MARCKS, MCCD1, MCM3, MCM9, MDC1, MDN1, ME1, MLLT4, MPC1, MRPL14, MRPL18, MRPS18B, MTFR2, MTHFD1L, MTO1, MUT, MYB, MYLIP, MYO6, NCOA7, NDUFAF4, NEDD9, NELFE, NEU1, NFKBIE, NFKBIL1, NFYA, NHLRC1, NOL7, NOTCH4, NQO2, NR2E1, NT5E, NUP153, NUP43, PAK1IP1, PBX2, PCMT1, PERP, PEX3, PGBD1, PGC, PHACTR1, PHF1, PHF3, PHIP, PIM1, PLAGL1, PLN, PNLDC1, PNRC1, PPIL4, PPP1R10, PPP1R18, PPP2R5D, PRDM1, PRICKLE4, PRRC2A, PRSS16, PRSS35, PSMB9, PXT1, QKI, RAB23, RAB32, RAB44, RANBP9, RARS2, REV3L, RIPPLY2, RNASET2, RNF146, RNF182, RNGTT, RPF2, RPL7L1, RPP21, RPS18, RPS6KA2, RRAGD, RREB1, RSPH4A, RUNX2, RXRB, SCML4, SEC63, SENP6, SERPINB9, SESN1, SF3B5, SH3BGRL2, SHPRH, SIRT5, SLC17A5, SLC35A1, SLC35B2, SLC39A7, SNRNP48, SNX3, SNX9, SOD2, SOX4, SSR1, STK19, STX11, STXBP5, SUMO4, SUPT3H, SYCP2L, SYNCRIP, TAF8, TAP1, TAP2, TBC1D32, TBC1D7, TBP, TBPL1, TBX18, TCF19, TCP1, TDP2, TFAP2A, TFAP2B, TFB1M, TMEM30A, TNFAIP3, TOMM6, TPBG, TRAPPC3L, TRERF1, TRIM27, TRIM39, TSPYL1, TSPYL4, TTBK1, TTK, TUBB, TUBB2A, TXNDC5, UBR2, UFL1, UQCC2, USP49, UST, UTRN, VARS, VARS2, VPS52, WRNIP1, WTAP, XPO5, ZBTB12, ZBTB2, ZC3H12D, ZKSCAN3, ZKSCAN4, ZKSCAN8, ZNF165, ZNF184, ZNF292, ZNF311, ZNF322, ZNF391, ZNF451, ZNRD1, ZSCAN12, ZSCAN16, ZSCAN31, ZSCAN9"
Randomized blood cell pcHi-C,Cliques w/ 5+ tissue vs Links w/ 2+ tissue,chr6,GO:0005634,CC,e,nucleus                       ,228/572,311/939,3.9e-08,5,228,1.86e-05,"ABT1, ACAT2, AIF1, AKIRIN2, ANKRD6, ARID1B, ASF1A, ATF6B, ATXN1, BACH2, BAG6, BCLAF1, BRD2, BYSL, CCHCR1, CCND3, CDYL, CITED2, CLIC1, CSNK2B, DDX39B, DEK, DHX16, DNPH1, DST, DTNBP1, DUSP22, EEF1A1, EEF1E1-BLOC1S5, EHMT2, EPB41L2, FAM120B, FGD2, FGFR1OP, FKBP5, FKBPL, FOXC1, FOXF2, FRK, FYN, GCM1, GMNN, GTF2H4, HDAC2, HEY2, HIST1H1A, HIST1H1B, HIST1H1C, HIST1H1D, HIST1H1E, HIST1H1T, HIST1H2AA, HIST1H2AB, HIST1H2AC, HIST1H2AD, HIST1H2AE, HIST1H2AG, HIST1H2AH, HIST1H2AI, HIST1H2AJ, HIST1H2AK, HIST1H2AL, HIST1H2AM, HIST1H2BA, HIST1H2BB, HIST1H2BC, HIST1H2BD, HIST1H2BE, HIST1H2BF, HIST1H2BG, HIST1H2BH, HIST1H2BI, HIST1H2BJ, HIST1H2BK, HIST1H2BL, HIST1H2BM, HIST1H2BN, HIST1H2BO, HIST1H4A, HIST1H4B, HIST1H4C, HIST1H4D, HIST1H4E, HIST1H4F, HIST1H4G, HIST1H4H, HIST1H4I, HIST1H4J, HIST1H4K, HIST1H4L, HIVEP1, HIVEP2, HMGN3, HMGN4, HSF2, HSPA1A, HSPA1B, IBTK, ICK, ID4, IER3, IGF2R, IP6K3, IRF4, ITPR3, JARID2, KATNA1, KDM1B, KIAA1009, KIFC1, KPNA5, LIN28B, LRRC16A, LSM2, LTV1, MAK, MARCKS, MCM3, MCM9, MDC1, MDN1, MLLT4, MYB, MYO6, NCOA7, NEDD9, NELFE, NFKBIL1, NFYA, NHLRC1, NOL7, NOTCH4, NQO2, NR2E1, PAK1IP1, PBX2, PERP, PEX3, PGBD1, PGC, PHACTR1, PHF1, PHF3, PHIP, PIM1, PLAGL1, PNLDC1, PNRC1, PPIL4, PPP1R10, PPP2R5D, PRDM1, PRICKLE4, PRRC2A, PSMB9, QKI, RAB23, RAB32, RAB44, RANBP9, REV3L, RIPPLY2, RNF146, RNGTT, RPF2, RPS6KA2, RRAGD, RREB1, RSPH4A, RUNX2, RXRB, SCML4, SENP6, SERPINB9, SESN1, SF3B5, SH3BGRL2, SHPRH, SIRT5, SNRNP48, SOX4, STK19, SUMO4, SUPT3H, SYCP2L, SYNCRIP, TAF8, TAP2, TBP, TBPL1, TBX18, TCF19, TCP1, TDP2, TFAP2A, TFAP2B, TNFAIP3, TRERF1, TRIM27, TSPYL1, TSPYL4, TTBK1, TUBB, UBR2, UFL1, UQCC2, USP49, UTRN, WRNIP1, WTAP, XPO5, ZBTB12, ZBTB2, ZC3H12D, ZKSCAN3, ZKSCAN4, ZKSCAN8, ZNF165, ZNF184, ZNF292, ZNF311, ZNF322, ZNF391, ZNF451, ZSCAN12, ZSCAN16, ZSCAN31, ZSCAN9"
Randomized blood cell pcHi-C,Cliques w/ 5+ tissue vs Links w/ 2+ tissue,chr6,GO:0043229,CC,e,intracellular organelle       ,335/572,483/939,5.54e-08,3,335,2.34e-05,"ABCF1, ABT1, ACAT2, ACOT13, AGPAT1, AHI1, AIF1, AKAP12, AKIRIN2, ALDH5A1, ANKRD6, ARID1B, ASF1A, ATF6B, ATP6V1G2, ATXN1, BACH2, BAG6, BAK1, BCKDHB, BCLAF1, BLOC1S5, BLOC1S5-TXNDC5, BPHL, BRD2, BYSL, C6orf136, C6orf25, C6orf57, C6orf89, CAPN11, CCHCR1, CCND3, CD164, CD2AP, CDKAL1, CDYL, CENPW, CITED2, CLIC1, COX7A2, CSNK2B, CYB5R4, DDAH2, DDX39B, DEK, DHX16, DLL1, DNPH1, DSE, DSP, DST, DTNBP1, DUSP22, DYNLT1, EEF1A1, EEF1E1-BLOC1S5, EHMT2, ELOVL2, ELOVL4, ELOVL5, EPB41L2, FAM120B, FAM65B, FGD2, FGFR1OP, FKBP5, FKBPL, FLOT1, FOXC1, FOXF2, FRK, FRMD1, FYN, GCM1, GGNBP1, GMNN, GOPC, GPLD1, GRM4, GTF2H4, HDAC2, HDDC2, HEY2, HFE, HINT3, HIST1H1A, HIST1H1B, HIST1H1C, HIST1H1D, HIST1H1E, HIST1H1T, HIST1H2AA, HIST1H2AB, HIST1H2AC, HIST1H2AD, HIST1H2AE, HIST1H2AG, HIST1H2AH, HIST1H2AI, HIST1H2AJ, HIST1H2AK, HIST1H2AL, HIST1H2AM, HIST1H2BA, HIST1H2BB, HIST1H2BC, HIST1H2BD, HIST1H2BE, HIST1H2BF, HIST1H2BG, HIST1H2BH, HIST1H2BI, HIST1H2BJ, HIST1H2BK, HIST1H2BL, HIST1H2BM, HIST1H2BN, HIST1H2BO, HIST1H4A, HIST1H4B, HIST1H4C, HIST1H4D, HIST1H4E, HIST1H4F, HIST1H4G, HIST1H4H, HIST1H4I, HIST1H4J, HIST1H4K, HIST1H4L, HIVEP1, HIVEP2, HLA-DMA, HLA-DOB, HLA-DRA, HMGN3, HMGN4, HSD17B8, HSF2, HSPA1A, HSPA1B, HSPA1L, IBTK, ICK, ID4, IER3, IFNGR1, IGF2R, IP6K3, IRF4, ITPR3, JARID2, KATNA1, KDM1B, KIAA0319, KIAA1009, KIFC1, KPNA5, LACE1, LIN28B, LRRC16A, LSM2, LTV1, LYRM2, MAK, MAN1A1, MAP3K5, MARCKS, MCCD1, MCM3, MCM9, MDC1, MDN1, ME1, MLLT4, MPC1, MRPL14, MRPL18, MRPS18B, MTFR2, MTHFD1L, MTO1, MUT, MYB, MYLIP, MYO6, NCOA7, NDUFAF4, NEDD9, NELFE, NEU1, NFKBIE, NFKBIL1, NFYA, NHLRC1, NOL7, NOTCH4, NQO2, NR2E1, NUP153, NUP43, PAK1IP1, PBX2, PCMT1, PERP, PEX3, PGBD1, PGC, PHACTR1, PHF1, PHF3, PHIP, PIM1, PLAGL1, PLN, PNLDC1, PNRC1, PPIL4, PPP1R10, PPP1R18, PPP2R5D, PRDM1, PRICKLE4, PRRC2A, PRSS16, PRSS35, PSMB9, PXT1, QKI, RAB23, RAB32, RAB44, RANBP9, RARS2, REV3L, RIPPLY2, RNASET2, RNF146, RNF182, RNGTT, RPF2, RPL7L1, RPP21, RPS18, RPS6KA2, RRAGD, RREB1, RSPH4A, RUNX2, RXRB, SCML4, SEC63, SENP6, SERPINB9, SESN1, SF3B5, SH3BGRL2, SHPRH, SIRT5, SLC17A5, SLC35A1, SLC35B2, SLC39A7, SNRNP48, SNX3, SNX9, SOD2, SOX4, SSR1, STK19, STX11, STXBP5, SUMO4, SUPT3H, SYCP2L, SYNCRIP, TAF8, TAP1, TAP2, TBC1D7, TBP, TBPL1, TBX18, TCF19, TCP1, TDP2, TFAP2A, TFAP2B, TFB1M, TMEM30A, TNFAIP3, TOMM6, TPBG, TRAPPC3L, TRERF1, TRIM27, TRIM39, TSPYL1, TSPYL4, TTBK1, TTK, TUBB, TUBB2A, TXNDC5, UBR2, UFL1, UQCC2, USP49, UST, UTRN, VARS, VARS2, VPS52, WRNIP1, WTAP, XPO5, ZBTB12, ZBTB2, ZC3H12D, ZKSCAN3, ZKSCAN4, ZKSCAN8, ZNF165, ZNF184, ZNF292, ZNF311, ZNF322, ZNF391, ZNF451, ZNRD1, ZSCAN12, ZSCAN16, ZSCAN31, ZSCAN9"
Randomized blood cell pcHi-C,Cliques w/ 5+ tissue vs Links w/ 2+ tissue,chr6,GO:0043227,CC,e,membrane-bounded organelle    ,327/572,470/939,5.65e-08,3,327,2.34e-05,"ABT1, ACAT2, ACOT13, AGPAT1, AHI1, AIF1, AKIRIN2, ALDH5A1, ANKRD6, ARID1B, ASF1A, ATF6B, ATP6V1G2, ATXN1, BACH2, BAG6, BAK1, BCKDHB, BCLAF1, BLOC1S5, BLOC1S5-TXNDC5, BMP6, BPHL, BRD2, BYSL, C6orf136, C6orf25, C6orf57, CAPN11, CCHCR1, CCND3, CD164, CD2AP, CDKAL1, CDYL, CITED2, CLIC1, COL12A1, COX7A2, CSNK2B, CYB5R4, DDAH2, DDX39B, DEK, DHX16, DLL1, DNPH1, DSE, DSP, DST, DTNBP1, DUSP22, DYNLT1, EEF1A1, EEF1E1-BLOC1S5, EFHC1, EHMT2, ELOVL2, ELOVL4, ELOVL5, EPB41L2, FAM120B, FAM65B, FGD2, FGFR1OP, FKBP5, FKBPL, FLOT1, FOXC1, FOXF2, FRK, FYN, GCM1, GGNBP1, GMNN, GOPC, GPLD1, GRM4, GTF2H4, HDAC2, HDDC2, HEY2, HFE, HINT3, HIST1H1A, HIST1H1B, HIST1H1C, HIST1H1D, HIST1H1E, HIST1H1T, HIST1H2AA, HIST1H2AB, HIST1H2AC, HIST1H2AD, HIST1H2AE, HIST1H2AG, HIST1H2AH, HIST1H2AI, HIST1H2AJ, HIST1H2AK, HIST1H2AL, HIST1H2AM, HIST1H2BA, HIST1H2BB, HIST1H2BC, HIST1H2BD, HIST1H2BE, HIST1H2BF, HIST1H2BG, HIST1H2BH, HIST1H2BI, HIST1H2BJ, HIST1H2BK, HIST1H2BL, HIST1H2BM, HIST1H2BN, HIST1H2BO, HIST1H4A, HIST1H4B, HIST1H4C, HIST1H4D, HIST1H4E, HIST1H4F, HIST1H4G, HIST1H4H, HIST1H4I, HIST1H4J, HIST1H4K, HIST1H4L, HIVEP1, HIVEP2, HLA-DMA, HLA-DOB, HLA-DRA, HMGN3, HMGN4, HSD17B8, HSF2, HSPA1A, HSPA1B, HSPA1L, IBTK, ICK, ID4, IER3, IFNGR1, IGF2R, IP6K3, IRF4, ITPR3, JARID2, KATNA1, KDM1B, KIAA0319, KIAA1009, KIFC1, KPNA5, LACE1, LAMA4, LCA5, LIN28B, LRRC16A, LSM2, LTV1, LYRM2, MAK, MAN1A1, MAP3K5, MARCKS, MCCD1, MCM3, MCM9, MDC1, MDN1, ME1, MLLT4, MPC1, MRPL14, MRPL18, MRPS18B, MTFR2, MTHFD1L, MTO1, MUT, MYB, MYO6, NCOA7, NDUFAF4, NEDD9, NELFE, NEU1, NFKBIE, NFKBIL1, NFYA, NHLRC1, NOL7, NOTCH4, NQO2, NR2E1, NT5E, PAK1IP1, PBX2, PCMT1, PERP, PEX3, PGBD1, PGC, PHACTR1, PHF1, PHF3, PHIP, PIM1, PLAGL1, PLN, PNLDC1, PNRC1, PPIL4, PPP1R10, PPP2R5D, PRDM1, PRICKLE4, PRRC2A, PRSS16, PRSS35, PSMB9, PXT1, QKI, RAB23, RAB32, RAB44, RANBP9, RARS2, REV3L, RIPPLY2, RNASET2, RNF146, RNF182, RNGTT, RPF2, RPS6KA2, RRAGD, RREB1, RSPH4A, RUNX2, RXRB, SCML4, SEC63, SENP6, SERPINB9, SESN1, SF3B5, SH3BGRL2, SHPRH, SIRT5, SLC17A5, SLC35A1, SLC35B2, SLC39A7, SNRNP48, SNX3, SNX9, SOD2, SOX4, SSR1, STK19, STX11, STXBP5, SUMO4, SUPT3H, SYCP2L, SYNCRIP, TAF8, TAP1, TAP2, TBC1D32, TBC1D7, TBP, TBPL1, TBX18, TCF19, TCP1, TDP2, TFAP2A, TFAP2B, TFB1M, TMEM30A, TNFAIP3, TOMM6, TPBG, TRAPPC3L, TRERF1, TRIM27, TRIM39, TSPYL1, TSPYL4, TTBK1, TUBB, TXNDC5, UBR2, UFL1, UQCC2, USP49, UST, UTRN, VARS, VARS2, VPS52, WRNIP1, WTAP, XPO5, ZBTB12, ZBTB2, ZC3H12D, ZKSCAN3, ZKSCAN4, ZKSCAN8, ZNF165, ZNF184, ZNF292, ZNF311, ZNF322, ZNF391, ZNF451, ZSCAN12, ZSCAN16, ZSCAN31, ZSCAN9"
Randomized blood cell pcHi-C,Cliques w/ 5+ tissue vs Links w/ 2+ tissue,chr6,GO:0043231,CC,e,intracellular membrane-bounded organelle,319/572,458/939,8.44e-08,4,319,3.28e-05,"ABT1, ACAT2, ACOT13, AGPAT1, AIF1, AKIRIN2, ALDH5A1, ANKRD6, ARID1B, ASF1A, ATF6B, ATP6V1G2, ATXN1, BACH2, BAG6, BAK1, BCKDHB, BCLAF1, BLOC1S5, BLOC1S5-TXNDC5, BPHL, BRD2, BYSL, C6orf136, C6orf25, C6orf57, CAPN11, CCHCR1, CCND3, CD164, CD2AP, CDKAL1, CDYL, CITED2, CLIC1, COX7A2, CSNK2B, CYB5R4, DDAH2, DDX39B, DEK, DHX16, DLL1, DNPH1, DSE, DSP, DST, DTNBP1, DUSP22, DYNLT1, EEF1A1, EEF1E1-BLOC1S5, EHMT2, ELOVL2, ELOVL4, ELOVL5, EPB41L2, FAM120B, FAM65B, FGD2, FGFR1OP, FKBP5, FKBPL, FLOT1, FOXC1, FOXF2, FRK, FYN, GCM1, GGNBP1, GMNN, GOPC, GPLD1, GRM4, GTF2H4, HDAC2, HDDC2, HEY2, HFE, HINT3, HIST1H1A, HIST1H1B, HIST1H1C, HIST1H1D, HIST1H1E, HIST1H1T, HIST1H2AA, HIST1H2AB, HIST1H2AC, HIST1H2AD, HIST1H2AE, HIST1H2AG, HIST1H2AH, HIST1H2AI, HIST1H2AJ, HIST1H2AK, HIST1H2AL, HIST1H2AM, HIST1H2BA, HIST1H2BB, HIST1H2BC, HIST1H2BD, HIST1H2BE, HIST1H2BF, HIST1H2BG, HIST1H2BH, HIST1H2BI, HIST1H2BJ, HIST1H2BK, HIST1H2BL, HIST1H2BM, HIST1H2BN, HIST1H2BO, HIST1H4A, HIST1H4B, HIST1H4C, HIST1H4D, HIST1H4E, HIST1H4F, HIST1H4G, HIST1H4H, HIST1H4I, HIST1H4J, HIST1H4K, HIST1H4L, HIVEP1, HIVEP2, HLA-DMA, HLA-DOB, HLA-DRA, HMGN3, HMGN4, HSD17B8, HSF2, HSPA1A, HSPA1B, HSPA1L, IBTK, ICK, ID4, IER3, IFNGR1, IGF2R, IP6K3, IRF4, ITPR3, JARID2, KATNA1, KDM1B, KIAA0319, KIAA1009, KIFC1, KPNA5, LACE1, LIN28B, LRRC16A, LSM2, LTV1, LYRM2, MAK, MAN1A1, MAP3K5, MARCKS, MCCD1, MCM3, MCM9, MDC1, MDN1, ME1, MLLT4, MPC1, MRPL14, MRPL18, MRPS18B, MTFR2, MTHFD1L, MTO1, MUT, MYB, MYO6, NCOA7, NDUFAF4, NEDD9, NELFE, NEU1, NFKBIE, NFKBIL1, NFYA, NHLRC1, NOL7, NOTCH4, NQO2, NR2E1, PAK1IP1, PBX2, PCMT1, PERP, PEX3, PGBD1, PGC, PHACTR1, PHF1, PHF3, PHIP, PIM1, PLAGL1, PLN, PNLDC1, PNRC1, PPIL4, PPP1R10, PPP2R5D, PRDM1, PRICKLE4, PRRC2A, PRSS16, PRSS35, PSMB9, PXT1, QKI, RAB23, RAB32, RAB44, RANBP9, RARS2, REV3L, RIPPLY2, RNASET2, RNF146, RNF182, RNGTT, RPF2, RPS6KA2, RRAGD, RREB1, RSPH4A, RUNX2, RXRB, SCML4, SEC63, SENP6, SERPINB9, SESN1, SF3B5, SH3BGRL2, SHPRH, SIRT5, SLC17A5, SLC35A1, SLC35B2, SLC39A7, SNRNP48, SNX3, SNX9, SOD2, SOX4, SSR1, STK19, STX11, STXBP5, SUMO4, SUPT3H, SYCP2L, SYNCRIP, TAF8, TAP1, TAP2, TBC1D7, TBP, TBPL1, TBX18, TCF19, TCP1, TDP2, TFAP2A, TFAP2B, TFB1M, TMEM30A, TNFAIP3, TOMM6, TPBG, TRAPPC3L, TRERF1, TRIM27, TRIM39, TSPYL1, TSPYL4, TTBK1, TUBB, TXNDC5, UBR2, UFL1, UQCC2, USP49, UST, UTRN, VARS, VARS2, VPS52, WRNIP1, WTAP, XPO5, ZBTB12, ZBTB2, ZC3H12D, ZKSCAN3, ZKSCAN4, ZKSCAN8, ZNF165, ZNF184, ZNF292, ZNF311, ZNF322, ZNF391, ZNF451, ZSCAN12, ZSCAN16, ZSCAN31, ZSCAN9"
Randomized blood cell pcHi-C,Cliques w/ 5+ tissue vs Links w/ 2+ tissue,chr6,GO:0032991,CC,e,protein-containing complex    ,174/572,245/939,0.000183,1,174,0.0454,"ABT1, AHI1, AKIRIN2, APOM, ARID1B, ATP6V1G2, ATP6V1G2-DDX39B, ATXN1, BAG6, BAK1, BCKDHB, BLOC1S5, BLOC1S5-TXNDC5, CCND3, CD2AP, CLIC1, COL10A1, COL12A1, COX6A1P2, CSNK2B, CSNK2B-LY6G5B-1181, DDX39B, DTNBP1, DYNLT1, E2F3, EEF1A1, EPB41L2, FBXO9, FLOT1, FOXC1, FOXF2, GABBR1, GABRR2, GCLC, GCM1, GJA10, GOPC, GTF2H4, GTF3C6, HDAC2, HEY2, HFE, HIST1H1A, HIST1H1B, HIST1H1C, HIST1H1D, HIST1H1E, HIST1H1T, HIST1H2AA, HIST1H2AB, HIST1H2AC, HIST1H2AD, HIST1H2AE, HIST1H2AG, HIST1H2AH, HIST1H2AI, HIST1H2AJ, HIST1H2AK, HIST1H2AL, HIST1H2AM, HIST1H2BA, HIST1H2BB, HIST1H2BC, HIST1H2BD, HIST1H2BE, HIST1H2BF, HIST1H2BG, HIST1H2BH, HIST1H2BI, HIST1H2BJ, HIST1H2BK, HIST1H2BL, HIST1H2BM, HIST1H2BN, HIST1H2BO, HIST1H3A, HIST1H3B, HIST1H3C, HIST1H3D, HIST1H3E, HIST1H3F, HIST1H3G, HIST1H3H, HIST1H3I, HIST1H3J, HIST1H4A, HIST1H4B, HIST1H4C, HIST1H4D, HIST1H4E, HIST1H4F, HIST1H4G, HIST1H4H, HIST1H4I, HIST1H4J, HIST1H4K, HIST1H4L, HLA-B, HLA-DMA, HLA-DOA, HLA-DOB, HLA-DPA1, HLA-DPB1, HLA-DQA1, HLA-DQA2, HLA-DQB1, HLA-DQB2, HLA-DRA, HLA-DRB1, HLA-DRB5, HLA-E, HSPA1A, HSPA1B, HSPA1L, IGF2R, IRF4, JARID2, KCNQ5, KIF13A, KIFC1, LAMA4, LSM2, MAP3K7, MCM3, MCM9, MED20, MRPS18B, MYO6, NELFE, NFYA, NRN1, NUP153, NUP43, OOEP, ORC3, PBX2, PEX3, PHF1, PHF10, PLN, PPIL1, PPP1R10, PPP2R5D, PSMB1, PSMB8, PSMB9, RANBP9, REV3L, RNF144B, RPS18, RSPH4A, RUNX2, SERPINB6, SF3B5, SHPRH, SNRNP48, STX7, STXBP5, SUPT3H, SYNCRIP, TAF8, TAP1, TAP2, TBP, TBPL1, TCP1, TCTE3, TNXB, TUBB, TUBB2A, TUBE1, UBR2, UTRN, XXbac-BPG181M17.5"
Randomized blood cell pcHi-C,Cliques w/ 5+ tissue vs Links w/ 2+ tissue,chr6,GO:0005622,CC,e,intracellular anatomical structure,69/572,87/939,0.000192,2,69,0.0459,"ADGB, ALDH8A1, ARID1B, ATF6B, ATXN1, BAK1, C6orf62, CAPN11, DDX43, FRK, GMDS, GPLD1, GRM4, HIST1H1T, HIST1H2AA, HIST1H2AB, HIST1H2AC, HIST1H2AD, HIST1H2AE, HIST1H2AG, HIST1H2AH, HIST1H2AI, HIST1H2AJ, HIST1H2AK, HIST1H2AL, HIST1H2AM, HIST1H2BA, HIST1H2BB, HIST1H2BC, HIST1H2BD, HIST1H2BE, HIST1H2BF, HIST1H2BG, HIST1H2BH, HIST1H2BI, HIST1H2BJ, HIST1H2BK, HIST1H2BL, HIST1H2BM, HIST1H2BN, HIST1H2BO, HLA-DMA, HLA-DOB, HSPA1A, HSPA1B, JARID2, MRPL18, MRPS18B, MYLIP, NCOA7, NUP153, PGBD1, RAB23, RAB32, RAB44, RPS18, TAGAP, TNXB, TRIM27, TRIM38, TRIM39, TRIM39-RPP21, TRIM40, VARS, ZKSCAN3, ZKSCAN4, ZKSCAN8, ZNF184, ZNF311"
Randomized blood cell pcHi-C,Cliques w/ 5+ tissue vs Links w/ 2+ tissue,chr6,GO:0003677,MF,e,DNA binding                   ,130/572,165/939,1.07e-07,4,130,3.91e-05,"ABT1, ARID1B, ATF6B, ATXN1, BACH2, BCLAF1, CENPW, DDX39B, DEK, E2F3, FOXC1, FOXF2, GCM1, GTF3C6, HDAC2, HEY2, HIST1H1A, HIST1H1B, HIST1H1C, HIST1H1D, HIST1H1E, HIST1H1T, HIST1H2AA, HIST1H2AB, HIST1H2AC, HIST1H2AD, HIST1H2AE, HIST1H2AG, HIST1H2AH, HIST1H2AI, HIST1H2AJ, HIST1H2AK, HIST1H2AL, HIST1H2AM, HIST1H2BA, HIST1H2BB, HIST1H2BC, HIST1H2BD, HIST1H2BE, HIST1H2BF, HIST1H2BG, HIST1H2BH, HIST1H2BI, HIST1H2BJ, HIST1H2BK, HIST1H2BL, HIST1H2BM, HIST1H2BN, HIST1H2BO, HIST1H3A, HIST1H3B, HIST1H3C, HIST1H3D, HIST1H3E, HIST1H3F, HIST1H3G, HIST1H3H, HIST1H3I, HIST1H3J, HIST1H4A, HIST1H4B, HIST1H4C, HIST1H4D, HIST1H4E, HIST1H4F, HIST1H4G, HIST1H4H, HIST1H4I, HIST1H4J, HIST1H4K, HIST1H4L, HIVEP1, HIVEP2, HMGN3, HMGN4, HSF2, IRF4, JARID2, KDM1B, LIN28B, MB21D1, MCM3, MCM9, MSH5, MSH5-SAPCD1, MYB, NFYA, NR2E1, NUP153, ORC3, PBX2, PLAGL1, PPP1R10, PRDM1, REV3L, RREB1, RUNX2, RXRB, SCML4, SHPRH, SOD2, SOX4, TBP, TBPL1, TBX18, TDP2, TFAP2A, TFAP2B, TFB1M, TNFAIP3, TRERF1, TRIM27, TRMT11, WRNIP1, ZBTB12, ZBTB2, ZKSCAN3, ZKSCAN4, ZKSCAN8, ZNF165, ZNF184, ZNF292, ZNF311, ZNF322, ZNF391, ZNF451, ZSCAN12, ZSCAN16, ZSCAN31, ZSCAN9"
Randomized blood cell pcHi-C,Cliques w/ 5+ tissue vs Links w/ 2+ tissue,chr6,GO:0046982,MF,e,protein heterodimerization activity,60/572,69/939,1.26e-06,4,60,0.000412,"BAK1, BMP6, CENPW, GCLC, HIST1H2AA, HIST1H2AB, HIST1H2AC, HIST1H2AD, HIST1H2AE, HIST1H2AG, HIST1H2AH, HIST1H2AI, HIST1H2AJ, HIST1H2AK, HIST1H2AL, HIST1H2AM, HIST1H2BA, HIST1H2BB, HIST1H2BC, HIST1H2BD, HIST1H2BE, HIST1H2BF, HIST1H2BG, HIST1H2BH, HIST1H2BI, HIST1H2BJ, HIST1H2BK, HIST1H2BL, HIST1H2BM, HIST1H2BN, HIST1H2BO, HIST1H3A, HIST1H3B, HIST1H3C, HIST1H3D, HIST1H3E, HIST1H3F, HIST1H3G, HIST1H3H, HIST1H3I, HIST1H3J, HIST1H4A, HIST1H4B, HIST1H4C, HIST1H4D, HIST1H4E, HIST1H4F, HIST1H4G, HIST1H4H, HIST1H4I, HIST1H4J, HIST1H4K, HIST1H4L, KATNA1, NOTCH4, RRAGD, SUPT3H, TAF8, TBX18, TFAP2B"
Randomized blood cell pcHi-C,Cliques w/ 5+ tissue vs Links w/ 2+ tissue,chr6,GO:1901363,MF,e,heterocyclic compound binding ,216/572,301/939,2.97e-06,2,216,0.000924,"ABCF1, ABT1, ADGB, ARID1B, ATF6B, ATXN1, BACH2, BCLAF1, CDK19, CENPW, CYB5R4, DDR1, DDX39B, DDX43, DEK, DHX16, DST, E2F3, EEF1A1, EPHA7, FKBP5, FKBPL, FOXC1, FOXF2, FRK, FYN, GCLC, GCM1, GMDS, GPANK1, GTF3C6, HDAC2, HEY2, HINT3, HIST1H1A, HIST1H1B, HIST1H1C, HIST1H1D, HIST1H1E, HIST1H1T, HIST1H2AA, HIST1H2AB, HIST1H2AC, HIST1H2AD, HIST1H2AE, HIST1H2AG, HIST1H2AH, HIST1H2AI, HIST1H2AJ, HIST1H2AK, HIST1H2AL, HIST1H2AM, HIST1H2BA, HIST1H2BB, HIST1H2BC, HIST1H2BD, HIST1H2BE, HIST1H2BF, HIST1H2BG, HIST1H2BH, HIST1H2BI, HIST1H2BJ, HIST1H2BK, HIST1H2BL, HIST1H2BM, HIST1H2BN, HIST1H2BO, HIST1H3A, HIST1H3B, HIST1H3C, HIST1H3D, HIST1H3E, HIST1H3F, HIST1H3G, HIST1H3H, HIST1H3I, HIST1H3J, HIST1H4A, HIST1H4B, HIST1H4C, HIST1H4D, HIST1H4E, HIST1H4F, HIST1H4G, HIST1H4H, HIST1H4I, HIST1H4J, HIST1H4K, HIST1H4L, HIVEP1, HIVEP2, HMGN3, HMGN4, HSF2, HSPA1A, HSPA1B, HSPA1L, HTR1E, ICK, IP6K3, IRF4, JARID2, KATNA1, KDM1B, KHDC1, KIAA1586, KIF13A, KIFC1, LACE1, LATS1, LIN28B, LSM2, MAK, MAP3K4, MAP3K5, MAP3K7, MAPK13, MB21D1, MCM3, MCM9, MDN1, ME1, MRPL18, MSH5, MSH5-SAPCD1, MTHFD1L, MTO1, MUT, MYB, MYLK4, MYO6, NELFE, NFYA, NR2E1, NT5E, NUP153, OARD1, OOEP, ORC3, PBX2, PGBD1, PIM1, PLAGL1, PNLDC1, PPIL4, PPP1R10, PRDM1, QKI, RAB23, RAB32, RAB44, RARS2, REV3L, RIOK1, RNASET2, RNGTT, ROS1, RP11-514O12.4, RPS18, RPS6KA2, RRAGD, RREB1, RUNX2, RXRB, SCML4, SHPRH, SIRT5, SOD2, SOX4, SRSF12, SRSF3, STK19, SYNCRIP, TAP1, TAP2, TBP, TBPL1, TBX18, TCP1, TDP2, TFAP2A, TFAP2B, TFB1M, TMEM63B, TNFAIP3, TRERF1, TRIM27, TRIM40, TRMT11, TTBK1, TTK, TUBB, TUBB2A, TUBE1, UBE2J1, VARS, VARS2, WRNIP1, XPO5, ZBTB12, ZBTB2, ZKSCAN3, ZKSCAN4, ZKSCAN8, ZNF165, ZNF184, ZNF292, ZNF311, ZNF322, ZNF391, ZNF451, ZNRD1, ZSCAN12, ZSCAN16, ZSCAN31, ZSCAN9"
Randomized blood cell pcHi-C,Cliques w/ 5+ tissue vs Links w/ 2+ tissue,chr6,GO:0097159,MF,e,organic cyclic compound binding,217/572,303/939,3.16e-06,2,217,0.000937,"ABCF1, ABT1, ADGB, ARID1B, ATF6B, ATXN1, BACH2, BCLAF1, CDK19, CENPW, CYB5R4, DDR1, DDX39B, DDX43, DEK, DHX16, DST, E2F3, EEF1A1, EPHA7, FKBP5, FKBPL, FOXC1, FOXF2, FRK, FYN, GCLC, GCM1, GMDS, GPANK1, GTF3C6, HDAC2, HEY2, HINT3, HIST1H1A, HIST1H1B, HIST1H1C, HIST1H1D, HIST1H1E, HIST1H1T, HIST1H2AA, HIST1H2AB, HIST1H2AC, HIST1H2AD, HIST1H2AE, HIST1H2AG, HIST1H2AH, HIST1H2AI, HIST1H2AJ, HIST1H2AK, HIST1H2AL, HIST1H2AM, HIST1H2BA, HIST1H2BB, HIST1H2BC, HIST1H2BD, HIST1H2BE, HIST1H2BF, HIST1H2BG, HIST1H2BH, HIST1H2BI, HIST1H2BJ, HIST1H2BK, HIST1H2BL, HIST1H2BM, HIST1H2BN, HIST1H2BO, HIST1H3A, HIST1H3B, HIST1H3C, HIST1H3D, HIST1H3E, HIST1H3F, HIST1H3G, HIST1H3H, HIST1H3I, HIST1H3J, HIST1H4A, HIST1H4B, HIST1H4C, HIST1H4D, HIST1H4E, HIST1H4F, HIST1H4G, HIST1H4H, HIST1H4I, HIST1H4J, HIST1H4K, HIST1H4L, HIVEP1, HIVEP2, HMGN3, HMGN4, HSF2, HSPA1A, HSPA1B, HSPA1L, HTR1E, ICK, IP6K3, IRF4, JARID2, KATNA1, KDM1B, KHDC1, KIAA1586, KIF13A, KIFC1, LACE1, LATS1, LIN28B, LSM2, MAK, MAP3K4, MAP3K5, MAP3K7, MAPK13, MB21D1, MCM3, MCM9, MDN1, ME1, MRPL18, MSH5, MSH5-SAPCD1, MTHFD1L, MTO1, MUT, MYB, MYLK4, MYO6, NELFE, NFYA, NR2E1, NT5E, NUP153, OARD1, OOEP, ORC3, PAQR8, PBX2, PGBD1, PIM1, PLAGL1, PNLDC1, PPIL4, PPP1R10, PRDM1, QKI, RAB23, RAB32, RAB44, RARS2, REV3L, RIOK1, RNASET2, RNGTT, ROS1, RP11-514O12.4, RPS18, RPS6KA2, RRAGD, RREB1, RUNX2, RXRB, SCML4, SHPRH, SIRT5, SOD2, SOX4, SRSF12, SRSF3, STK19, SYNCRIP, TAP1, TAP2, TBP, TBPL1, TBX18, TCP1, TDP2, TFAP2A, TFAP2B, TFB1M, TMEM63B, TNFAIP3, TRERF1, TRIM27, TRIM40, TRMT11, TTBK1, TTK, TUBB, TUBB2A, TUBE1, UBE2J1, VARS, VARS2, WRNIP1, XPO5, ZBTB12, ZBTB2, ZKSCAN3, ZKSCAN4, ZKSCAN8, ZNF165, ZNF184, ZNF292, ZNF311, ZNF322, ZNF391, ZNF451, ZNRD1, ZSCAN12, ZSCAN16, ZSCAN31, ZSCAN9"
Randomized blood cell pcHi-C,Cliques w/ 5+ tissue vs Links w/ 2+ tissue,chr6,GO:0003676,MF,e,nucleic acid binding          ,155/572,208/939,4.04e-06,3,155,0.00114,"ABCF1, ABT1, ARID1B, ATF6B, ATXN1, BACH2, BCLAF1, CENPW, DDX39B, DDX43, DEK, DHX16, E2F3, EEF1A1, FOXC1, FOXF2, GCM1, GPANK1, GTF3C6, HDAC2, HEY2, HIST1H1A, HIST1H1B, HIST1H1C, HIST1H1D, HIST1H1E, HIST1H1T, HIST1H2AA, HIST1H2AB, HIST1H2AC, HIST1H2AD, HIST1H2AE, HIST1H2AG, HIST1H2AH, HIST1H2AI, HIST1H2AJ, HIST1H2AK, HIST1H2AL, HIST1H2AM, HIST1H2BA, HIST1H2BB, HIST1H2BC, HIST1H2BD, HIST1H2BE, HIST1H2BF, HIST1H2BG, HIST1H2BH, HIST1H2BI, HIST1H2BJ, HIST1H2BK, HIST1H2BL, HIST1H2BM, HIST1H2BN, HIST1H2BO, HIST1H3A, HIST1H3B, HIST1H3C, HIST1H3D, HIST1H3E, HIST1H3F, HIST1H3G, HIST1H3H, HIST1H3I, HIST1H3J, HIST1H4A, HIST1H4B, HIST1H4C, HIST1H4D, HIST1H4E, HIST1H4F, HIST1H4G, HIST1H4H, HIST1H4I, HIST1H4J, HIST1H4K, HIST1H4L, HIVEP1, HIVEP2, HMGN3, HMGN4, HSF2, HSPA1A, HSPA1B, IRF4, JARID2, KDM1B, KHDC1, KIAA1586, LIN28B, LSM2, MB21D1, MCM3, MCM9, MRPL18, MSH5, MSH5-SAPCD1, MYB, NELFE, NFYA, NR2E1, NUP153, OOEP, ORC3, PBX2, PGBD1, PLAGL1, PNLDC1, PPIL4, PPP1R10, PRDM1, QKI, REV3L, RNASET2, RP11-514O12.4, RPS18, RREB1, RUNX2, RXRB, SCML4, SHPRH, SOD2, SOX4, SRSF12, SRSF3, SYNCRIP, TBP, TBPL1, TBX18, TDP2, TFAP2A, TFAP2B, TFB1M, TNFAIP3, TRERF1, TRIM27, TRMT11, WRNIP1, XPO5, ZBTB12, ZBTB2, ZKSCAN3, ZKSCAN4, ZKSCAN8, ZNF165, ZNF184, ZNF292, ZNF311, ZNF322, ZNF391, ZNF451, ZNRD1, ZSCAN12, ZSCAN16, ZSCAN31, ZSCAN9"
Randomized blood cell pcHi-C,Cliques w/ 5+ tissue vs Links w/ 2+ tissue,chr6,GO:0005488,MF,e,binding                       ,445/572,688/939,0.000113,1,445,0.0293,"ABCF1, ABT1, ADAT2, ADGB, AGER, AHI1, AIF1, AIG1, AKAP12, AKIRIN2, ALDH5A1, ANKRD6, APOM, ARID1B, ARMC12, ARMC2, ASF1A, ATF6B, ATP6V1G2, ATXN1, B3GAT2, BACH2, BAG2, BAG6, BAK1, BCKDHB, BCLAF1, BLOC1S5, BMP6, BRD2, BTN1A1, BTN2A1, BTN2A2, BTN3A2, BTNL2, BYSL, C4A, C6orf15, C6orf25, CAPN11, CCHCR1, CCND3, CCR6, CD164, CD2AP, CD83, CDK19, CDKAL1, CDYL, CENPW, CEP57L1, CFB, CGA, CITED2, CLIC1, COL10A1, COL12A1, CPNE5, CSNK2B, CUTA, CYB5R4, DDAH2, DDR1, DDX39B, DDX43, DEK, DHX16, DLL1, DNPH1, DOPEY1, DSP, DST, DTNBP1, DUSP22, DYNLT1, E2F3, EDN1, EEF1A1, EFHC1, EHMT2, ELOVL2, ELOVL4, ELOVL5, EPB41L2, EPHA7, EXOC2, FAM65B, FBXO9, FGD2, FGFR1OP, FKBP5, FKBPL, FLOT1, FNDC1, FOXC1, FOXF2, FRK, FRS3, FYN, GABBR1, GABRR2, GCLC, GCM1, GGNBP1, GMDS, GMNN, GMPR, GOPC, GPANK1, GRM4, GTF2H4, GTF3C6, GUCA1A, GUCA1B, HDAC2, HDDC2, HEY2, HFE, HINT3, HIST1H1A, HIST1H1B, HIST1H1C, HIST1H1D, HIST1H1E, HIST1H1T, HIST1H2AA, HIST1H2AB, HIST1H2AC, HIST1H2AD, HIST1H2AE, HIST1H2AG, HIST1H2AH, HIST1H2AI, HIST1H2AJ, HIST1H2AK, HIST1H2AL, HIST1H2AM, HIST1H2BA, HIST1H2BB, HIST1H2BC, HIST1H2BD, HIST1H2BE, HIST1H2BF, HIST1H2BG, HIST1H2BH, HIST1H2BI, HIST1H2BJ, HIST1H2BK, HIST1H2BL, HIST1H2BM, HIST1H2BN, HIST1H2BO, HIST1H3A, HIST1H3B, HIST1H3C, HIST1H3D, HIST1H3E, HIST1H3F, HIST1H3G, HIST1H3H, HIST1H3I, HIST1H3J, HIST1H4A, HIST1H4B, HIST1H4C, HIST1H4D, HIST1H4E, HIST1H4F, HIST1H4G, HIST1H4H, HIST1H4I, HIST1H4J, HIST1H4K, HIST1H4L, HIVEP1, HIVEP2, HLA-B, HLA-DMA, HLA-DOA, HLA-DOB, HLA-DPA1, HLA-DPB1, HLA-DQA1, HLA-DQA2, HLA-DQB1, HLA-DQB2, HLA-DRA, HLA-DRB1, HLA-DRB5, HLA-E, HMGN3, HMGN4, HSD17B8, HSF2, HSPA1A, HSPA1B, HSPA1L, HTR1E, IBTK, ICK, ID4, IER3, IFNGR1, IGF2R, IL17F, IP6K3, IRF4, ITPR3, JARID2, KATNA1, KCTD20, KDM1B, KHDC1, KIAA0319, KIAA1009, KIAA1586, KIF13A, KIFC1, KLHDC3, KLHL31, KLHL32, KPNA5, LACE1, LAMA4, LATS1, LCA5, LIN28B, LSM2, LTB, LY6G6F, MAK, MAN1A1, MAP3K4, MAP3K5, MAP3K7, MAPK13, MARCKS, MB21D1, MCM3, MCM9, MDC1, MDN1, ME1, MEA1, MED20, MEGT1, MICA, MICB, MLLT4, MLN, MRPL18, MSH5, MSH5-SAPCD1, MTHFD1L, MTO1, MUT, MYB, MYLIP, MYLK4, MYO6, NCOA7, NDUFAF4, NEDD9, NELFE, NEU1, NFKBIE, NFKBIL1, NFYA, NHLRC1, NOTCH4, NQO2, NR2E1, NT5DC1, NT5E, NUP153, NUP43, NUS1, OARD1, OOEP, ORC3, OSTM1, PAK1IP1, PAQR8, PBX2, PDE7B, PEX3, PGBD1, PGM3, PHACTR1, PHACTR2, PHF1, PHF10, PHF3, PHIP, PIM1, PLAGL1, PLN, PNLDC1, PNRC1, PPIL1, PPIL4, PPP1R10, PPP1R11, PPP1R18, PPP2R5D, PRDM1, PRICKLE4, PRRC2A, PSMB1, PSMB8, PSMB9, PTPRK, PXDC1, QKI, RAB23, RAB32, RAB44, RANBP9, RARS2, REV3L, RHAG, RIMS1, RIOK1, RNASET2, RNF144B, RNF146, RNF182, RNF5, RNGTT, ROS1, RP11-514O12.4, RPS18, RPS6KA2, RRAGD, RREB1, RSPO3, RUNX2, RWDD1, RWDD2A, RXRB, SAMD3, SAMD5, SASH1, SCGN, SCML4, SEC63, SENP6, SERINC1, SERPINB6, SERPINB9, SH3BGRL2, SHPRH, SIRT5, SLC22A3, SLC26A8, SLC39A7, SMAP1, SNRNP48, SNX14, SNX3, SNX9, SOD2, SOX4, SRSF12, SRSF3, SSR1, STK19, STX11, STX7, STXBP5, SUMO4, SUPT3H, SYNCRIP, SYTL3, TAB2, TAF8, TAP1, TAP2, TBC1D7, TBP, TBPL1, TBX18, TCF19, TCP1, TDP2, TFAP2A, TFAP2B, TFB1M, TIAM2, TMEM181, TMEM30A, TMEM63B, TNFAIP3, TNXB, TPBG, TRAF3IP2, TRAM2, TRERF1, TRIM27, TRIM38, TRIM39, TRIM39-RPP21, TRIM40, TRMT11, TTBK1, TTK, TUBB, TUBB2A, TUBE1, TULP1, TULP4, TXNDC5, UBE2J1, UBR2, UFL1, USP45, USP49, UTRN, VARS, VARS2, VNN1, VPS52, WISP3, WRNIP1, XPO5, ZBTB12, ZBTB2, ZC2HC1B, ZC3H12D, ZKSCAN3, ZKSCAN4, ZKSCAN8, ZNF165, ZNF184, ZNF292, ZNF311, ZNF322, ZNF391, ZNF451, ZNRD1, ZSCAN12, ZSCAN16, ZSCAN31, ZSCAN9, ZUFSP"
Tissue pcHi-C,Cliques w/ 5+ tissue vs Links w/ 2+ tissue,chr6,GO:0071824,BP,e,protein-DNA complex subunit organization,51/515,63/982,1.61e-06,5,51,0.00181,"BRD2, HEY2, HIST1H1A, HIST1H1B, HIST1H1D, HIST1H1E, HIST1H1T, HIST1H2AB, HIST1H2AC, HIST1H2AD, HIST1H2AE, HIST1H2AG, HIST1H2AH, HIST1H2AI, HIST1H2AJ, HIST1H2AK, HIST1H2AL, HIST1H2AM, HIST1H2BD, HIST1H2BE, HIST1H2BF, HIST1H2BG, HIST1H2BH, HIST1H2BI, HIST1H2BJ, HIST1H2BK, HIST1H2BL, HIST1H2BM, HIST1H2BN, HIST1H2BO, HIST1H3A, HIST1H3B, HIST1H3D, HIST1H3E, HIST1H3F, HIST1H3G, HIST1H3H, HIST1H3I, HIST1H3J, HIST1H4A, HIST1H4C, HIST1H4D, HIST1H4E, HIST1H4G, HIST1H4H, HIST1H4I, HIST1H4J, HIST1H4K, HIST1H4L, HMGA1, TSPYL4"
Tissue pcHi-C,Cliques w/ 5+ tissue vs Links w/ 2+ tissue,chr6,GO:0048002,BP,e,antigen processing and presentation of peptide antigen,24/515,25/982,2.01e-06,3,24,0.00181,"HFE, HLA-B, HLA-C, HLA-DMA, HLA-DMB, HLA-DOA, HLA-DOB, HLA-DPA1, HLA-DPB1, HLA-DQA1, HLA-DQA2, HLA-DQB2, HLA-DRA, HLA-DRB1, HLA-DRB5, HLA-E, HLA-F, HLA-G, PSMB1, PSMB8, PSMB9, TAP1, TAP2, TAPBP"
Tissue pcHi-C,Cliques w/ 5+ tissue vs Links w/ 2+ tissue,chr6,GO:0034728,BP,e,nucleosome organization       ,50/515,62/982,2.64e-06,6,50,0.00184,"BRD2, HIST1H1A, HIST1H1B, HIST1H1D, HIST1H1E, HIST1H1T, HIST1H2AB, HIST1H2AC, HIST1H2AD, HIST1H2AE, HIST1H2AG, HIST1H2AH, HIST1H2AI, HIST1H2AJ, HIST1H2AK, HIST1H2AL, HIST1H2AM, HIST1H2BD, HIST1H2BE, HIST1H2BF, HIST1H2BG, HIST1H2BH, HIST1H2BI, HIST1H2BJ, HIST1H2BK, HIST1H2BL, HIST1H2BM, HIST1H2BN, HIST1H2BO, HIST1H3A, HIST1H3B, HIST1H3D, HIST1H3E, HIST1H3F, HIST1H3G, HIST1H3H, HIST1H3I, HIST1H3J, HIST1H4A, HIST1H4C, HIST1H4D, HIST1H4E, HIST1H4G, HIST1H4H, HIST1H4I, HIST1H4J, HIST1H4K, HIST1H4L, HMGA1, TSPYL4"
Tissue pcHi-C,Cliques w/ 5+ tissue vs Links w/ 2+ tissue,chr6,GO:0065004,BP,e,protein-DNA complex assembly  ,50/515,62/982,2.64e-06,6,50,0.00184,"BRD2, HEY2, HIST1H1A, HIST1H1B, HIST1H1D, HIST1H1E, HIST1H1T, HIST1H2AB, HIST1H2AC, HIST1H2AD, HIST1H2AE, HIST1H2AG, HIST1H2AH, HIST1H2AI, HIST1H2AJ, HIST1H2AK, HIST1H2AL, HIST1H2AM, HIST1H2BD, HIST1H2BE, HIST1H2BF, HIST1H2BG, HIST1H2BH, HIST1H2BI, HIST1H2BJ, HIST1H2BK, HIST1H2BL, HIST1H2BM, HIST1H2BN, HIST1H2BO, HIST1H3A, HIST1H3B, HIST1H3D, HIST1H3E, HIST1H3F, HIST1H3G, HIST1H3H, HIST1H3I, HIST1H3J, HIST1H4A, HIST1H4C, HIST1H4D, HIST1H4E, HIST1H4G, HIST1H4H, HIST1H4I, HIST1H4J, HIST1H4K, HIST1H4L, TSPYL4"
Tissue pcHi-C,Cliques w/ 5+ tissue vs Links w/ 2+ tissue,chr6,GO:0006334,BP,e,nucleosome assembly           ,49/515,61/982,4.31e-06,7,49,0.00271,"BRD2, HIST1H1A, HIST1H1B, HIST1H1D, HIST1H1E, HIST1H1T, HIST1H2AB, HIST1H2AC, HIST1H2AD, HIST1H2AE, HIST1H2AG, HIST1H2AH, HIST1H2AI, HIST1H2AJ, HIST1H2AK, HIST1H2AL, HIST1H2AM, HIST1H2BD, HIST1H2BE, HIST1H2BF, HIST1H2BG, HIST1H2BH, HIST1H2BI, HIST1H2BJ, HIST1H2BK, HIST1H2BL, HIST1H2BM, HIST1H2BN, HIST1H2BO, HIST1H3A, HIST1H3B, HIST1H3D, HIST1H3E, HIST1H3F, HIST1H3G, HIST1H3H, HIST1H3I, HIST1H3J, HIST1H4A, HIST1H4C, HIST1H4D, HIST1H4E, HIST1H4G, HIST1H4H, HIST1H4I, HIST1H4J, HIST1H4K, HIST1H4L, TSPYL4"
Tissue pcHi-C,Cliques w/ 5+ tissue vs Links w/ 2+ tissue,chr6,GO:0002478,BP,e,antigen processing and presentation of exogenous peptide antigen,22/515,23/982,7.19e-06,4,22,0.00376,"HLA-B, HLA-C, HLA-DMA, HLA-DMB, HLA-DOA, HLA-DOB, HLA-DPA1, HLA-DPB1, HLA-DQA1, HLA-DQA2, HLA-DQB2, HLA-DRA, HLA-DRB1, HLA-DRB5, HLA-F, HLA-G, PSMB1, PSMB8, PSMB9, TAP1, TAP2, TAPBP"
Tissue pcHi-C,Cliques w/ 5+ tissue vs Links w/ 2+ tissue,chr6,GO:0019884,BP,e,antigen processing and presentation of exogenous antigen,22/515,23/982,7.19e-06,3,22,0.00376,"HLA-B, HLA-C, HLA-DMA, HLA-DMB, HLA-DOA, HLA-DOB, HLA-DPA1, HLA-DPB1, HLA-DQA1, HLA-DQA2, HLA-DQB2, HLA-DRA, HLA-DRB1, HLA-DRB5, HLA-F, HLA-G, PSMB1, PSMB8, PSMB9, TAP1, TAP2, TAPBP"
Tissue pcHi-C,Cliques w/ 5+ tissue vs Links w/ 2+ tissue,chr6,GO:0065003,BP,e,protein-containing complex assembly,80/515,112/982,2.01e-05,5,80,0.00632,"AARS2, AIF1, APOM, BRD2, CSNK2B, DDX39B, GMNN, GNMT, HEY2, HFE, HIST1H1A, HIST1H1B, HIST1H1D, HIST1H1E, HIST1H1T, HIST1H2AB, HIST1H2AC, HIST1H2AD, HIST1H2AE, HIST1H2AG, HIST1H2AH, HIST1H2AI, HIST1H2AJ, HIST1H2AK, HIST1H2AL, HIST1H2AM, HIST1H2BD, HIST1H2BE, HIST1H2BF, HIST1H2BG, HIST1H2BH, HIST1H2BI, HIST1H2BJ, HIST1H2BK, HIST1H2BL, HIST1H2BM, HIST1H2BN, HIST1H2BO, HIST1H3A, HIST1H3B, HIST1H3D, HIST1H3E, HIST1H3F, HIST1H3G, HIST1H3H, HIST1H3I, HIST1H3J, HIST1H4A, HIST1H4C, HIST1H4D, HIST1H4E, HIST1H4G, HIST1H4H, HIST1H4I, HIST1H4J, HIST1H4K, HIST1H4L, HLA-DMA, HLA-DRB1, HMGA1, ITPR3, KCTD20, MDN1, ME1, NUP153, PFDN6, RANBP9, RIPK1, SCUBE3, SNAP91, SNRPC, SOD2, SRSF12, TAPBP, TCP1, TRIM27, TSPYL4, TUBB, TUBB2A, TUBB2B"
Tissue pcHi-C,Cliques w/ 5+ tissue vs Links w/ 2+ tissue,chr6,GO:0043933,BP,e,protein-containing complex organization,83/515,119/982,5.34e-05,4,83,0.0146,"AARS2, AIF1, APOM, BRD2, CSNK2B, DDX39B, GMNN, GNMT, HEY2, HFE, HIST1H1A, HIST1H1B, HIST1H1D, HIST1H1E, HIST1H1T, HIST1H2AB, HIST1H2AC, HIST1H2AD, HIST1H2AE, HIST1H2AG, HIST1H2AH, HIST1H2AI, HIST1H2AJ, HIST1H2AK, HIST1H2AL, HIST1H2AM, HIST1H2BD, HIST1H2BE, HIST1H2BF, HIST1H2BG, HIST1H2BH, HIST1H2BI, HIST1H2BJ, HIST1H2BK, HIST1H2BL, HIST1H2BM, HIST1H2BN, HIST1H2BO, HIST1H3A, HIST1H3B, HIST1H3D, HIST1H3E, HIST1H3F, HIST1H3G, HIST1H3H, HIST1H3I, HIST1H3J, HIST1H4A, HIST1H4C, HIST1H4D, HIST1H4E, HIST1H4G, HIST1H4H, HIST1H4I, HIST1H4J, HIST1H4K, HIST1H4L, HLA-DMA, HLA-DRB1, HMGA1, ITPR3, KCTD20, MDN1, ME1, NUP153, PFDN6, RANBP9, RIPK1, RPL10A, RPS10, RPS18, SCUBE3, SNAP91, SNRPC, SOD2, SRSF12, TAPBP, TCP1, TRIM27, TSPYL4, TUBB, TUBB2A, TUBB2B"
Tissue pcHi-C,Cliques w/ 5+ tissue vs Links w/ 2+ tissue,chr6,GO:0002504,BP,e,antigen processing and presentation of peptide or polysaccharide antigen via MHC class II,15/515,15/982,6.94e-05,3,15,0.0174,"HLA-DMA, HLA-DMB, HLA-DOA, HLA-DOB, HLA-DPA1, HLA-DPB1, HLA-DQA1, HLA-DQA2, HLA-DQB1, HLA-DQB2, HLA-DRA, HLA-DRB1, HLA-DRB5, TAP2, XXbac-BPG181M17.5"
Tissue pcHi-C,Cliques w/ 5+ tissue vs Links w/ 2+ tissue,chr6,GO:0006338,BP,e,chromatin remodeling          ,52/515,69/982,8.31e-05,5,52,0.0201,"BRD2, HIST1H1A, HIST1H1B, HIST1H1D, HIST1H1E, HIST1H1T, HIST1H2AB, HIST1H2AC, HIST1H2AD, HIST1H2AE, HIST1H2AG, HIST1H2AH, HIST1H2AI, HIST1H2AJ, HIST1H2AK, HIST1H2AL, HIST1H2AM, HIST1H2BD, HIST1H2BE, HIST1H2BF, HIST1H2BG, HIST1H2BH, HIST1H2BI, HIST1H2BJ, HIST1H2BK, HIST1H2BL, HIST1H2BM, HIST1H2BN, HIST1H2BO, HIST1H3A, HIST1H3B, HIST1H3D, HIST1H3E, HIST1H3F, HIST1H3G, HIST1H3H, HIST1H3I, HIST1H3J, HIST1H4A, HIST1H4C, HIST1H4D, HIST1H4E, HIST1H4G, HIST1H4H, HIST1H4I, HIST1H4J, HIST1H4K, HIST1H4L, HMGA1, SIRT5, TSPYL4, UBR2"
Tissue pcHi-C,Cliques w/ 5+ tissue vs Links w/ 2+ tissue,chr6,GO:0022607,BP,e,cellular component assembly   ,95/515,141/982,0.000123,4,95,0.0266,"AARS2, AHI1, AIF1, APOM, BAG6, BRD2, CSNK2B, DDX39B, DST, EHMT2, EZR, FGD2, GJA10, GMNN, GNMT, HEY2, HFE, HIST1H1A, HIST1H1B, HIST1H1D, HIST1H1E, HIST1H1T, HIST1H2AB, HIST1H2AC, HIST1H2AD, HIST1H2AE, HIST1H2AG, HIST1H2AH, HIST1H2AI, HIST1H2AJ, HIST1H2AK, HIST1H2AL, HIST1H2AM, HIST1H2BD, HIST1H2BE, HIST1H2BF, HIST1H2BG, HIST1H2BH, HIST1H2BI, HIST1H2BJ, HIST1H2BK, HIST1H2BL, HIST1H2BM, HIST1H2BN, HIST1H2BO, HIST1H3A, HIST1H3B, HIST1H3D, HIST1H3E, HIST1H3F, HIST1H3G, HIST1H3H, HIST1H3I, HIST1H3J, HIST1H4A, HIST1H4C, HIST1H4D, HIST1H4E, HIST1H4G, HIST1H4H, HIST1H4I, HIST1H4J, HIST1H4K, HIST1H4L, HLA-DMA, HLA-DRB1, HMGA1, ITPR3, KCTD20, KIAA1009, MDN1, ME1, MLLT4, MSH5, NUP153, PFDN6, RAB23, RANBP9, RIPK1, RSPH9, SCUBE3, SNAP91, SNRPC, SOD2, SRF, SRSF12, TAPBP, TBPL1, TCP1, TNXB, TRIM27, TSPYL4, TUBB, TUBB2A, TUBB2B"
Tissue pcHi-C,Cliques w/ 5+ tissue vs Links w/ 2+ tissue,chr6,GO:0044815,CC,e,DNA packaging complex         ,47/515,57/982,1.77e-06,2,47,0.00181,"HIST1H1A, HIST1H1B, HIST1H1D, HIST1H1E, HIST1H1T, HIST1H2AB, HIST1H2AC, HIST1H2AD, HIST1H2AE, HIST1H2AG, HIST1H2AH, HIST1H2AI, HIST1H2AJ, HIST1H2AK, HIST1H2AL, HIST1H2AM, HIST1H2BD, HIST1H2BE, HIST1H2BF, HIST1H2BG, HIST1H2BH, HIST1H2BI, HIST1H2BJ, HIST1H2BK, HIST1H2BL, HIST1H2BM, HIST1H2BN, HIST1H2BO, HIST1H3A, HIST1H3B, HIST1H3D, HIST1H3E, HIST1H3F, HIST1H3G, HIST1H3H, HIST1H3I, HIST1H3J, HIST1H4A, HIST1H4C, HIST1H4D, HIST1H4E, HIST1H4G, HIST1H4H, HIST1H4I, HIST1H4J, HIST1H4K, HIST1H4L"
Tissue pcHi-C,Cliques w/ 5+ tissue vs Links w/ 2+ tissue,chr6,GO:0032993,CC,e,protein-DNA complex           ,47/515,57/982,1.77e-06,2,47,0.00181,"HIST1H1A, HIST1H1B, HIST1H1D, HIST1H1E, HIST1H1T, HIST1H2AB, HIST1H2AC, HIST1H2AD, HIST1H2AE, HIST1H2AG, HIST1H2AH, HIST1H2AI, HIST1H2AJ, HIST1H2AK, HIST1H2AL, HIST1H2AM, HIST1H2BD, HIST1H2BE, HIST1H2BF, HIST1H2BG, HIST1H2BH, HIST1H2BI, HIST1H2BJ, HIST1H2BK, HIST1H2BL, HIST1H2BM, HIST1H2BN, HIST1H2BO, HIST1H3A, HIST1H3B, HIST1H3D, HIST1H3E, HIST1H3F, HIST1H3G, HIST1H3H, HIST1H3I, HIST1H3J, HIST1H4A, HIST1H4C, HIST1H4D, HIST1H4E, HIST1H4G, HIST1H4H, HIST1H4I, HIST1H4J, HIST1H4K, HIST1H4L"
Tissue pcHi-C,Cliques w/ 5+ tissue vs Links w/ 2+ tissue,chr6,GO:0000786,CC,e,nucleosome                    ,47/515,57/982,1.77e-06,3,47,0.00181,"HIST1H1A, HIST1H1B, HIST1H1D, HIST1H1E, HIST1H1T, HIST1H2AB, HIST1H2AC, HIST1H2AD, HIST1H2AE, HIST1H2AG, HIST1H2AH, HIST1H2AI, HIST1H2AJ, HIST1H2AK, HIST1H2AL, HIST1H2AM, HIST1H2BD, HIST1H2BE, HIST1H2BF, HIST1H2BG, HIST1H2BH, HIST1H2BI, HIST1H2BJ, HIST1H2BK, HIST1H2BL, HIST1H2BM, HIST1H2BN, HIST1H2BO, HIST1H3A, HIST1H3B, HIST1H3D, HIST1H3E, HIST1H3F, HIST1H3G, HIST1H3H, HIST1H3I, HIST1H3J, HIST1H4A, HIST1H4C, HIST1H4D, HIST1H4E, HIST1H4G, HIST1H4H, HIST1H4I, HIST1H4J, HIST1H4K, HIST1H4L"
Tissue pcHi-C,Cliques w/ 5+ tissue vs Links w/ 2+ tissue,chr6,GO:0043232,CC,e,intracellular non-membrane-bounded organelle,70/515,95/982,1.2e-05,4,70,0.00501,"ABCF1, ABT1, ACAT2, AHI1, ATF6B, BCLAF1, BYSL, C6orf89, CCHCR1, CDC5L, COL11A2, DAXX, DST, DYNLT1, EHMT2, EZR, FAM65B, FGD2, FRMD1, HINT3, HIST1H1T, HIST1H4A, HIST1H4C, HIST1H4D, HIST1H4E, HIST1H4G, HIST1H4H, HIST1H4I, HIST1H4J, HIST1H4K, HIST1H4L, HUS1B, ITPR3, KIAA1009, KIFC1, MAD2L1BP, MAK, MAP7, MDC1, MDN1, MRPL14, MRPL18, MRPL2, MRPS10, MRPS18A, MRPS18B, MYLIP, NOL7, NUP153, PGC, PPP1R18, PRPF4B, REV3L, RPF2, RPL7L1, RPP21, RPS10, RPS18, RPS6KA2, RRP36, RSPH9, SOD2, TBCC, TUBB, TUBB2A, TUBB2B, UQCC2, UTRN, ZBTB9, ZNRD1"
Tissue pcHi-C,Cliques w/ 5+ tissue vs Links w/ 2+ tissue,chr6,GO:0043228,CC,e,non-membrane-bounded organelle,70/515,95/982,1.2e-05,3,70,0.00501,"ABCF1, ABT1, ACAT2, AHI1, ATF6B, BCLAF1, BYSL, C6orf89, CCHCR1, CDC5L, COL11A2, DAXX, DST, DYNLT1, EHMT2, EZR, FAM65B, FGD2, FRMD1, HINT3, HIST1H1T, HIST1H4A, HIST1H4C, HIST1H4D, HIST1H4E, HIST1H4G, HIST1H4H, HIST1H4I, HIST1H4J, HIST1H4K, HIST1H4L, HUS1B, ITPR3, KIAA1009, KIFC1, MAD2L1BP, MAK, MAP7, MDC1, MDN1, MRPL14, MRPL18, MRPL2, MRPS10, MRPS18A, MRPS18B, MYLIP, NOL7, NUP153, PGC, PPP1R18, PRPF4B, REV3L, RPF2, RPL7L1, RPP21, RPS10, RPS18, RPS6KA2, RRP36, RSPH9, SOD2, TBCC, TUBB, TUBB2A, TUBB2B, UQCC2, UTRN, ZBTB9, ZNRD1"
Tissue pcHi-C,Cliques w/ 5+ tissue vs Links w/ 2+ tissue,chr6,GO:0042611,CC,e,MHC protein complex           ,21/515,22/982,1.35e-05,4,21,0.00501,"HFE, HLA-B, HLA-C, HLA-DMA, HLA-DMB, HLA-DOA, HLA-DOB, HLA-DPA1, HLA-DPB1, HLA-DQA1, HLA-DQA2, HLA-DQB1, HLA-DQB2, HLA-DRA, HLA-DRB1, HLA-DRB5, HLA-E, HLA-F, HLA-G, TAP2, XXbac-BPG181M17.5"
Tissue pcHi-C,Cliques w/ 5+ tissue vs Links w/ 2+ tissue,chr6,GO:0005654,CC,e,nucleoplasm                   ,56/515,73/982,1.44e-05,2,56,0.00503,"ABCF1, ATXN1, CDKN1A, E2F3, FANCE, FOXO3, GMNN, GTF2H4, HEY2, HIST1H3A, HIST1H3B, HIST1H3D, HIST1H3E, HIST1H3F, HIST1H3G, HIST1H3H, HIST1H3I, HIST1H3J, HIST1H4A, HIST1H4C, HIST1H4D, HIST1H4E, HIST1H4H, HIST1H4I, HIST1H4J, HIST1H4K, HIST1H4L, HMGA1, ITPR3, LSM2, MAPK14, MCM3, MDC1, MED20, NELFE, NOTCH4, NUP153, POLH, POLR1C, POU5F1, PPARD, PPP2R5D, PSMB1, PSMB8, PSMB9, RNGTT, RPS6KA2, RXRB, SRSF12, SRSF3, TAF11, TBP, TEAD3, TRIM27, WTAP, XPO5"
Tissue pcHi-C,Cliques w/ 5+ tissue vs Links w/ 2+ tissue,chr6,GO:0032991,CC,e,protein-containing complex    ,159/515,248/982,1.97e-05,1,159,0.00632,"ABT1, AHI1, APOM, ATP6V1G2, ATP6V1G2-DDX39B, ATXN1, BAG6, BAK1, BRPF3, CCND3, CDC5L, CDKN1A, CLIC1, COL11A2, COX6A1P2, CSNK2B, CSNK2B-LY6G5B-1181, CUL7, CUL9, DDX39B, DNAH8, DTNBP1, DYNLT1, E2F3, FANCE, FBXO9, FLOT1, FOXC1, FOXF2, GJA10, GRM1, GTF2H4, HEY2, HFE, HIST1H1A, HIST1H1B, HIST1H1D, HIST1H1E, HIST1H1T, HIST1H2AB, HIST1H2AC, HIST1H2AD, HIST1H2AE, HIST1H2AG, HIST1H2AH, HIST1H2AI, HIST1H2AJ, HIST1H2AK, HIST1H2AL, HIST1H2AM, HIST1H2BD, HIST1H2BE, HIST1H2BF, HIST1H2BG, HIST1H2BH, HIST1H2BI, HIST1H2BJ, HIST1H2BK, HIST1H2BL, HIST1H2BM, HIST1H2BN, HIST1H2BO, HIST1H3A, HIST1H3B, HIST1H3D, HIST1H3E, HIST1H3F, HIST1H3G, HIST1H3H, HIST1H3I, HIST1H3J, HIST1H4A, HIST1H4C, HIST1H4D, HIST1H4E, HIST1H4G, HIST1H4H, HIST1H4I, HIST1H4J, HIST1H4K, HIST1H4L, HLA-B, HLA-C, HLA-DMA, HLA-DMB, HLA-DOA, HLA-DOB, HLA-DPA1, HLA-DPB1, HLA-DQA1, HLA-DQA2, HLA-DQB1, HLA-DQB2, HLA-DRA, HLA-DRB1, HLA-DRB5, HLA-E, HLA-F, HLA-G, HMGA1, HSP90AB1, HSPA1A, HSPA1B, HSPA1L, HUS1B, IGF2R, KIF13A, KIF6, KIFC1, KLC4, LSM2, MAP7, MCM3, MED20, MRPS18A, MRPS18B, NELFE, NUP153, PFDN6, PHF1, PHF10, POLR1C, POU5F1, PPIL1, PPP1R10, PPP2R5D, PRPF4B, PSMB1, PSMB8, PSMB9, RANBP9, REV3L, RIPK1, RNF8, RPL10A, RPS10, RPS18, SERPINB6, SKIV2L, SNAP91, SNRPC, TAF11, TAF8, TAP1, TAP2, TAPBP, TBP, TBPL1, TCP1, TCTE3, TEAD3, TFEB, TNXB, TUBB, TUBB2A, TUBB2B, UBR2, UTRN, XXbac-BPG181M17.5"
Tissue pcHi-C,Cliques w/ 5+ tissue vs Links w/ 2+ tissue,chr6,GO:0042613,CC,e,MHC class II protein complex  ,15/515,15/982,6.94e-05,5,15,0.0174,"HLA-DMA, HLA-DMB, HLA-DOA, HLA-DOB, HLA-DPA1, HLA-DPB1, HLA-DQA1, HLA-DQA2, HLA-DQB1, HLA-DQB2, HLA-DRA, HLA-DRB1, HLA-DRB5, TAP2, XXbac-BPG181M17.5"
Tissue pcHi-C,Cliques w/ 5+ tissue vs Links w/ 2+ tissue,chr6,GO:0005622,CC,e,intracellular anatomical structure,63/515,87/982,0.00011,2,63,0.0257,"ADGB, ATF6B, ATXN1, BAK1, C6orf62, CAPN11, EZR, GMDS, GRM4, HIST1H1T, HIST1H2AB, HIST1H2AC, HIST1H2AD, HIST1H2AE, HIST1H2AG, HIST1H2AH, HIST1H2AI, HIST1H2AJ, HIST1H2AK, HIST1H2AL, HIST1H2AM, HIST1H2BD, HIST1H2BE, HIST1H2BF, HIST1H2BG, HIST1H2BH, HIST1H2BI, HIST1H2BJ, HIST1H2BK, HIST1H2BL, HIST1H2BM, HIST1H2BN, HIST1H2BO, HLA-DMA, HLA-DOB, HSP90AB1, HSPA1A, HSPA1B, MRPL18, MRPL2, MRPS18A, MRPS18B, MTCH1, MYLIP, NCOA7, NUP153, RAB23, RAB32, RAB44, RGL2, RPS18, SYNGAP1, TAF11, TNF, TNXB, TRIM26, TRIM27, TRIM39, TRIM39-RPP21, TRIM40, VARS, ZNF184, ZNF311"
Tissue pcHi-C,Cliques w/ 5+ tissue vs Links w/ 2+ tissue,chr6,GO:0005730,CC,e,nucleolus                     ,32/515,39/982,0.000121,5,32,0.0266,"ABT1, ACAT2, ATF6B, BCLAF1, BYSL, C6orf89, CDC5L, DAXX, EZR, HINT3, HIST1H4A, HIST1H4C, HIST1H4D, HIST1H4E, HIST1H4G, HIST1H4H, HIST1H4I, HIST1H4J, HIST1H4K, HIST1H4L, HUS1B, ITPR3, MDN1, NOL7, NUP153, PGC, RPF2, RPP21, RPS10, RRP36, ZBTB9, ZNRD1"
Randomized tissue pcHi-C,Cliques w/ 5+ tissue vs Links w/ 2+ tissue,chr6,GO:0071824,BP,e,protein-DNA complex subunit organization,48/487,63/982,1.17e-05,5,48,0.0107,"BRD2, HEY2, HIST1H1B, HIST1H1D, HIST1H1E, HIST1H1T, HIST1H2AB, HIST1H2AC, HIST1H2AD, HIST1H2AE, HIST1H2AG, HIST1H2AH, HIST1H2AI, HIST1H2AJ, HIST1H2AK, HIST1H2AL, HIST1H2AM, HIST1H2BD, HIST1H2BE, HIST1H2BF, HIST1H2BG, HIST1H2BH, HIST1H2BI, HIST1H2BJ, HIST1H2BK, HIST1H2BL, HIST1H2BM, HIST1H2BN, HIST1H2BO, HIST1H3B, HIST1H3D, HIST1H3E, HIST1H3F, HIST1H3G, HIST1H3H, HIST1H3I, HIST1H3J, HIST1H4C, HIST1H4D, HIST1H4E, HIST1H4G, HIST1H4H, HIST1H4I, HIST1H4J, HIST1H4K, HIST1H4L, HMGA1, TSPYL4"
Randomized tissue pcHi-C,Cliques w/ 5+ tissue vs Links w/ 2+ tissue,chr6,GO:0034728,BP,e,nucleosome organization       ,47/487,62/982,1.88e-05,6,47,0.0107,"BRD2, HIST1H1B, HIST1H1D, HIST1H1E, HIST1H1T, HIST1H2AB, HIST1H2AC, HIST1H2AD, HIST1H2AE, HIST1H2AG, HIST1H2AH, HIST1H2AI, HIST1H2AJ, HIST1H2AK, HIST1H2AL, HIST1H2AM, HIST1H2BD, HIST1H2BE, HIST1H2BF, HIST1H2BG, HIST1H2BH, HIST1H2BI, HIST1H2BJ, HIST1H2BK, HIST1H2BL, HIST1H2BM, HIST1H2BN, HIST1H2BO, HIST1H3B, HIST1H3D, HIST1H3E, HIST1H3F, HIST1H3G, HIST1H3H, HIST1H3I, HIST1H3J, HIST1H4C, HIST1H4D, HIST1H4E, HIST1H4G, HIST1H4H, HIST1H4I, HIST1H4J, HIST1H4K, HIST1H4L, HMGA1, TSPYL4"
Randomized tissue pcHi-C,Cliques w/ 5+ tissue vs Links w/ 2+ tissue,chr6,GO:0065004,BP,e,protein-DNA complex assembly  ,47/487,62/982,1.88e-05,6,47,0.0107,"BRD2, HEY2, HIST1H1B, HIST1H1D, HIST1H1E, HIST1H1T, HIST1H2AB, HIST1H2AC, HIST1H2AD, HIST1H2AE, HIST1H2AG, HIST1H2AH, HIST1H2AI, HIST1H2AJ, HIST1H2AK, HIST1H2AL, HIST1H2AM, HIST1H2BD, HIST1H2BE, HIST1H2BF, HIST1H2BG, HIST1H2BH, HIST1H2BI, HIST1H2BJ, HIST1H2BK, HIST1H2BL, HIST1H2BM, HIST1H2BN, HIST1H2BO, HIST1H3B, HIST1H3D, HIST1H3E, HIST1H3F, HIST1H3G, HIST1H3H, HIST1H3I, HIST1H3J, HIST1H4C, HIST1H4D, HIST1H4E, HIST1H4G, HIST1H4H, HIST1H4I, HIST1H4J, HIST1H4K, HIST1H4L, TSPYL4"
Randomized tissue pcHi-C,Cliques w/ 5+ tissue vs Links w/ 2+ tissue,chr6,GO:0065003,BP,e,protein-containing complex assembly,77/487,112/982,2.05e-05,5,77,0.0107,"AARS2, AIF1, APOM, BRD2, CSNK2B, DDX39B, GMNN, GNMT, HEY2, HIST1H1B, HIST1H1D, HIST1H1E, HIST1H1T, HIST1H2AB, HIST1H2AC, HIST1H2AD, HIST1H2AE, HIST1H2AG, HIST1H2AH, HIST1H2AI, HIST1H2AJ, HIST1H2AK, HIST1H2AL, HIST1H2AM, HIST1H2BD, HIST1H2BE, HIST1H2BF, HIST1H2BG, HIST1H2BH, HIST1H2BI, HIST1H2BJ, HIST1H2BK, HIST1H2BL, HIST1H2BM, HIST1H2BN, HIST1H2BO, HIST1H3B, HIST1H3D, HIST1H3E, HIST1H3F, HIST1H3G, HIST1H3H, HIST1H3I, HIST1H3J, HIST1H4C, HIST1H4D, HIST1H4E, HIST1H4G, HIST1H4H, HIST1H4I, HIST1H4J, HIST1H4K, HIST1H4L, HLA-DMA, HLA-DRB1, HMGA1, ITPR3, KCTD20, MDN1, ME1, NUP153, PFDN6, RANBP9, RIPK1, SCUBE3, SNAP91, SNRPC, SOD2, SRSF12, TAPBP, TCP1, TNFAIP3, TRIM27, TSPYL4, TUBB, TUBB2A, TUBB2B"
Randomized tissue pcHi-C,Cliques w/ 5+ tissue vs Links w/ 2+ tissue,chr6,GO:0006334,BP,e,nucleosome assembly           ,46/487,61/982,3.01e-05,7,46,0.0145,"BRD2, HIST1H1B, HIST1H1D, HIST1H1E, HIST1H1T, HIST1H2AB, HIST1H2AC, HIST1H2AD, HIST1H2AE, HIST1H2AG, HIST1H2AH, HIST1H2AI, HIST1H2AJ, HIST1H2AK, HIST1H2AL, HIST1H2AM, HIST1H2BD, HIST1H2BE, HIST1H2BF, HIST1H2BG, HIST1H2BH, HIST1H2BI, HIST1H2BJ, HIST1H2BK, HIST1H2BL, HIST1H2BM, HIST1H2BN, HIST1H2BO, HIST1H3B, HIST1H3D, HIST1H3E, HIST1H3F, HIST1H3G, HIST1H3H, HIST1H3I, HIST1H3J, HIST1H4C, HIST1H4D, HIST1H4E, HIST1H4G, HIST1H4H, HIST1H4I, HIST1H4J, HIST1H4K, HIST1H4L, TSPYL4"
Randomized tissue pcHi-C,Cliques w/ 5+ tissue vs Links w/ 2+ tissue,chr6,GO:0043933,BP,e,protein-containing complex organization,80/487,119/982,5.26e-05,4,80,0.023,"AARS2, AIF1, APOM, BRD2, CSNK2B, DDX39B, GMNN, GNMT, HEY2, HIST1H1B, HIST1H1D, HIST1H1E, HIST1H1T, HIST1H2AB, HIST1H2AC, HIST1H2AD, HIST1H2AE, HIST1H2AG, HIST1H2AH, HIST1H2AI, HIST1H2AJ, HIST1H2AK, HIST1H2AL, HIST1H2AM, HIST1H2BD, HIST1H2BE, HIST1H2BF, HIST1H2BG, HIST1H2BH, HIST1H2BI, HIST1H2BJ, HIST1H2BK, HIST1H2BL, HIST1H2BM, HIST1H2BN, HIST1H2BO, HIST1H3B, HIST1H3D, HIST1H3E, HIST1H3F, HIST1H3G, HIST1H3H, HIST1H3I, HIST1H3J, HIST1H4C, HIST1H4D, HIST1H4E, HIST1H4G, HIST1H4H, HIST1H4I, HIST1H4J, HIST1H4K, HIST1H4L, HLA-DMA, HLA-DRB1, HMGA1, ITPR3, KCTD20, MDN1, ME1, NUP153, PFDN6, RANBP9, RIPK1, RPL10A, RPS10, RPS18, SCUBE3, SNAP91, SNRPC, SOD2, SRSF12, TAPBP, TCP1, TNFAIP3, TRIM27, TSPYL4, TUBB, TUBB2A, TUBB2B"
Randomized tissue pcHi-C,Cliques w/ 5+ tissue vs Links w/ 2+ tissue,chr6,GO:0022607,BP,e,cellular component assembly   ,92/487,141/982,5.86e-05,4,92,0.023,"AARS2, AHI1, AIF1, APOM, BAG6, BRD2, CSNK2B, DDX39B, DST, EHMT2, EZR, FGD2, GJA10, GMNN, GNMT, HEY2, HIST1H1B, HIST1H1D, HIST1H1E, HIST1H1T, HIST1H2AB, HIST1H2AC, HIST1H2AD, HIST1H2AE, HIST1H2AG, HIST1H2AH, HIST1H2AI, HIST1H2AJ, HIST1H2AK, HIST1H2AL, HIST1H2AM, HIST1H2BD, HIST1H2BE, HIST1H2BF, HIST1H2BG, HIST1H2BH, HIST1H2BI, HIST1H2BJ, HIST1H2BK, HIST1H2BL, HIST1H2BM, HIST1H2BN, HIST1H2BO, HIST1H3B, HIST1H3D, HIST1H3E, HIST1H3F, HIST1H3G, HIST1H3H, HIST1H3I, HIST1H3J, HIST1H4C, HIST1H4D, HIST1H4E, HIST1H4G, HIST1H4H, HIST1H4I, HIST1H4J, HIST1H4K, HIST1H4L, HLA-DMA, HLA-DRB1, HMGA1, ITPR3, KCTD20, KIAA1009, MDN1, ME1, MLLT4, MSH5, NUP153, PFDN6, RAB23, RANBP9, RIPK1, SCUBE3, SNAP91, SNRPC, SOD2, SPACA1, SRF, SRSF12, TAPBP, TBPL1, TCP1, TNFAIP3, TNXB, TRIM27, TSPYL4, TUBB, TUBB2A, TUBB2B"
Randomized tissue pcHi-C,Cliques w/ 5+ tissue vs Links w/ 2+ tissue,chr6,GO:0044815,CC,e,DNA packaging complex         ,44/487,57/982,1.56e-05,2,44,0.0107,"HIST1H1B, HIST1H1D, HIST1H1E, HIST1H1T, HIST1H2AB, HIST1H2AC, HIST1H2AD, HIST1H2AE, HIST1H2AG, HIST1H2AH, HIST1H2AI, HIST1H2AJ, HIST1H2AK, HIST1H2AL, HIST1H2AM, HIST1H2BD, HIST1H2BE, HIST1H2BF, HIST1H2BG, HIST1H2BH, HIST1H2BI, HIST1H2BJ, HIST1H2BK, HIST1H2BL, HIST1H2BM, HIST1H2BN, HIST1H2BO, HIST1H3B, HIST1H3D, HIST1H3E, HIST1H3F, HIST1H3G, HIST1H3H, HIST1H3I, HIST1H3J, HIST1H4C, HIST1H4D, HIST1H4E, HIST1H4G, HIST1H4H, HIST1H4I, HIST1H4J, HIST1H4K, HIST1H4L"
Randomized tissue pcHi-C,Cliques w/ 5+ tissue vs Links w/ 2+ tissue,chr6,GO:0032993,CC,e,protein-DNA complex           ,44/487,57/982,1.56e-05,2,44,0.0107,"HIST1H1B, HIST1H1D, HIST1H1E, HIST1H1T, HIST1H2AB, HIST1H2AC, HIST1H2AD, HIST1H2AE, HIST1H2AG, HIST1H2AH, HIST1H2AI, HIST1H2AJ, HIST1H2AK, HIST1H2AL, HIST1H2AM, HIST1H2BD, HIST1H2BE, HIST1H2BF, HIST1H2BG, HIST1H2BH, HIST1H2BI, HIST1H2BJ, HIST1H2BK, HIST1H2BL, HIST1H2BM, HIST1H2BN, HIST1H2BO, HIST1H3B, HIST1H3D, HIST1H3E, HIST1H3F, HIST1H3G, HIST1H3H, HIST1H3I, HIST1H3J, HIST1H4C, HIST1H4D, HIST1H4E, HIST1H4G, HIST1H4H, HIST1H4I, HIST1H4J, HIST1H4K, HIST1H4L"
Randomized tissue pcHi-C,Cliques w/ 5+ tissue vs Links w/ 2+ tissue,chr6,GO:0000786,CC,e,nucleosome                    ,44/487,57/982,1.56e-05,3,44,0.0107,"HIST1H1B, HIST1H1D, HIST1H1E, HIST1H1T, HIST1H2AB, HIST1H2AC, HIST1H2AD, HIST1H2AE, HIST1H2AG, HIST1H2AH, HIST1H2AI, HIST1H2AJ, HIST1H2AK, HIST1H2AL, HIST1H2AM, HIST1H2BD, HIST1H2BE, HIST1H2BF, HIST1H2BG, HIST1H2BH, HIST1H2BI, HIST1H2BJ, HIST1H2BK, HIST1H2BL, HIST1H2BM, HIST1H2BN, HIST1H2BO, HIST1H3B, HIST1H3D, HIST1H3E, HIST1H3F, HIST1H3G, HIST1H3H, HIST1H3I, HIST1H3J, HIST1H4C, HIST1H4D, HIST1H4E, HIST1H4G, HIST1H4H, HIST1H4I, HIST1H4J, HIST1H4K, HIST1H4L"
Randomized tissue pcHi-C,Cliques w/ 5+ tissue vs Links w/ 2+ tissue,chr6,GO:0032991,CC,e,protein-containing complex    ,149/487,248/982,0.000134,1,149,0.0408,"ABT1, AHI1, APOM, ATP6V1G2, ATP6V1G2-DDX39B, ATXN1, BAG6, BAK1, BRPF3, CCND3, CDC5L, CDKN1A, CLIC1, COL11A2, COX6A1P2, CSNK2B, CSNK2B-LY6G5B-1181, CUL7, CUL9, DDX39B, DNAH8, DYNLT1, E2F3, FANCE, FBXO9, FLOT1, FOXC1, FOXF2, GCLC, GJA10, GRM1, GTF2H4, HEY2, HIST1H1B, HIST1H1D, HIST1H1E, HIST1H1T, HIST1H2AB, HIST1H2AC, HIST1H2AD, HIST1H2AE, HIST1H2AG, HIST1H2AH, HIST1H2AI, HIST1H2AJ, HIST1H2AK, HIST1H2AL, HIST1H2AM, HIST1H2BD, HIST1H2BE, HIST1H2BF, HIST1H2BG, HIST1H2BH, HIST1H2BI, HIST1H2BJ, HIST1H2BK, HIST1H2BL, HIST1H2BM, HIST1H2BN, HIST1H2BO, HIST1H3B, HIST1H3D, HIST1H3E, HIST1H3F, HIST1H3G, HIST1H3H, HIST1H3I, HIST1H3J, HIST1H4C, HIST1H4D, HIST1H4E, HIST1H4G, HIST1H4H, HIST1H4I, HIST1H4J, HIST1H4K, HIST1H4L, HLA-B, HLA-C, HLA-DMA, HLA-DMB, HLA-DOB, HLA-DPA1, HLA-DPB1, HLA-DQA2, HLA-DQB1, HLA-DQB2, HLA-DRA, HLA-DRB1, HLA-DRB5, HLA-E, HMGA1, HSP90AB1, HSPA1A, HSPA1B, HSPA1L, HUS1B, IGF2R, KIF13A, KIF6, KIFC1, KLC4, LSM2, MAP3K7, MAP7, MCM3, MED20, MRPS18A, MRPS18B, NELFE, NUP153, PFDN6, PHF1, PHF10, POLR1C, POU5F1, PPIL1, PPP1R10, PPP2R5D, PRPF4B, PSMB1, RANBP9, REV3L, RIPK1, RNF8, RPL10A, RPS10, RPS18, SERPINB6, SKIV2L, SNAP91, SNRPC, TAF11, TAF8, TAP2, TAPBP, TBP, TBPL1, TCP1, TCTE3, TEAD3, TFEB, TNXB, TUBB, TUBB2A, TUBB2B, UBR2, UTRN, XXbac-BPG181M17.5"
Randomized tissue pcHi-C,Cliques w/ 5+ tissue vs Links w/ 2+ tissue,chr6,GO:0005654,CC,e,nucleoplasm                   ,52/487,73/982,0.000135,2,52,0.0408,"ABCF1, ATXN1, CDKN1A, E2F3, FANCE, FOXO3, GMNN, GTF2H4, HEY2, HIST1H3B, HIST1H3D, HIST1H3E, HIST1H3F, HIST1H3G, HIST1H3H, HIST1H3I, HIST1H3J, HIST1H4C, HIST1H4D, HIST1H4E, HIST1H4H, HIST1H4I, HIST1H4J, HIST1H4K, HIST1H4L, HMGA1, ITPR3, LSM2, MAPK14, MCM3, MDC1, MED20, NELFE, NOTCH4, NUP153, POLH, POLR1C, POU5F1, PPARD, PPP2R5D, PSMB1, RNGTT, RPS6KA2, RXRB, SRSF12, SRSF3, TAF11, TBP, TEAD3, TRIM27, WTAP, XPO5"
Randomized tissue pcHi-C,Cliques w/ 5+ tissue vs Links w/ 2+ tissue,chr6,GO:0043232,CC,e,intracellular non-membrane-bounded organelle,65/487,95/982,0.000136,4,65,0.0408,"ABCF1, ABT1, ACAT2, AHI1, ATF6B, BCLAF1, BYSL, C6orf89, CCHCR1, CDC5L, COL11A2, DAXX, DST, DYNLT1, EHMT2, EZR, FAM65B, FGD2, FRMD1, HINT3, HIST1H1T, HIST1H4C, HIST1H4D, HIST1H4E, HIST1H4G, HIST1H4H, HIST1H4I, HIST1H4J, HIST1H4K, HIST1H4L, HUS1B, ITPR3, KIAA1009, KIFC1, MAD2L1BP, MAP7, MDC1, MDN1, MRPL14, MRPL18, MRPL2, MRPS10, MRPS18A, MRPS18B, NOL7, NUP153, PGC, PPP1R18, PRPF4B, REV3L, RPF2, RPL7L1, RPP21, RPS10, RPS18, RPS6KA2, RRP36, SOD2, TBCC, TUBB, TUBB2A, TUBB2B, UQCC2, UTRN, ZBTB9"
Randomized tissue pcHi-C,Cliques w/ 5+ tissue vs Links w/ 2+ tissue,chr6,GO:0043228,CC,e,non-membrane-bounded organelle,65/487,95/982,0.000136,3,65,0.0408,"ABCF1, ABT1, ACAT2, AHI1, ATF6B, BCLAF1, BYSL, C6orf89, CCHCR1, CDC5L, COL11A2, DAXX, DST, DYNLT1, EHMT2, EZR, FAM65B, FGD2, FRMD1, HINT3, HIST1H1T, HIST1H4C, HIST1H4D, HIST1H4E, HIST1H4G, HIST1H4H, HIST1H4I, HIST1H4J, HIST1H4K, HIST1H4L, HUS1B, ITPR3, KIAA1009, KIFC1, MAD2L1BP, MAP7, MDC1, MDN1, MRPL14, MRPL18, MRPL2, MRPS10, MRPS18A, MRPS18B, NOL7, NUP153, PGC, PPP1R18, PRPF4B, REV3L, RPF2, RPL7L1, RPP21, RPS10, RPS18, RPS6KA2, RRP36, SOD2, TBCC, TUBB, TUBB2A, TUBB2B, UQCC2, UTRN, ZBTB9"
Randomized tissue pcHi-C,Cliques w/ 5+ tissue vs Links w/ 2+ tissue,chr6,GO:0046982,MF,e,protein heterodimerization activity,50/487,69/982,8.7e-05,4,50,0.0321,"BAK1, DLK2, GCLC, HIST1H2AB, HIST1H2AC, HIST1H2AD, HIST1H2AE, HIST1H2AG, HIST1H2AH, HIST1H2AI, HIST1H2AJ, HIST1H2AK, HIST1H2AL, HIST1H2AM, HIST1H2BD, HIST1H2BE, HIST1H2BF, HIST1H2BG, HIST1H2BH, HIST1H2BI, HIST1H2BJ, HIST1H2BK, HIST1H2BL, HIST1H2BM, HIST1H2BN, HIST1H2BO, HIST1H3B, HIST1H3D, HIST1H3E, HIST1H3F, HIST1H3G, HIST1H3H, HIST1H3I, HIST1H3J, HIST1H4C, HIST1H4D, HIST1H4E, HIST1H4G, HIST1H4H, HIST1H4I, HIST1H4J, HIST1H4K, HIST1H4L, NOTCH4, RRAGD, TAF11, TAF8, TFEB, TPD52L1, VEGFA"
Tissue Hi-C,Cliques w/ 5+ tissue vs Links w/ 2+ tissue,chr6,GO:0019882,BP,e,antigen processing and presentation,13/83,32/755,8.49e-06,2,13,0.0214,"HFE, HLA-DMA, HLA-DMB, HLA-DQB1, HLA-DQB2, HLA-DRB1, HLA-DRB5, PSMB8, PSMB9, TAP1, TAP2, TAPBP, XXbac-BPG181M17.5"
Tissue Hi-C,Cliques w/ 5+ tissue vs Links w/ 2+ tissue,chr6,GO:0048002,BP,e,antigen processing and presentation of peptide antigen,11/83,24/755,1.13e-05,3,11,0.0214,"HFE, HLA-DMA, HLA-DMB, HLA-DQB2, HLA-DRB1, HLA-DRB5, PSMB8, PSMB9, TAP1, TAP2, TAPBP"
Tissue Hi-C,Cliques w/ 5+ tissue vs Links w/ 2+ tissue,chr6,GO:0002478,BP,e,antigen processing and presentation of exogenous peptide antigen,10/83,22/755,3.28e-05,4,10,0.0372,"HLA-DMA, HLA-DMB, HLA-DQB2, HLA-DRB1, HLA-DRB5, PSMB8, PSMB9, TAP1, TAP2, TAPBP"
Tissue Hi-C,Cliques w/ 5+ tissue vs Links w/ 2+ tissue,chr6,GO:0019884,BP,e,antigen processing and presentation of exogenous antigen,10/83,22/755,3.28e-05,3,10,0.0372,"HLA-DMA, HLA-DMB, HLA-DQB2, HLA-DRB1, HLA-DRB5, PSMB8, PSMB9, TAP1, TAP2, TAPBP"
Tissue Hi-C,Cliques w/ 5+ tissue vs Links w/ 2+ tissue,chr6,GO:0002504,BP,e,antigen processing and presentation of peptide or polysaccharide antigen via MHC class II,8/83,15/755,5.23e-05,3,8,0.0423,"HLA-DMA, HLA-DMB, HLA-DQB1, HLA-DQB2, HLA-DRB1, HLA-DRB5, TAP2, XXbac-BPG181M17.5"
Tissue Hi-C,Cliques w/ 5+ tissue vs Links w/ 2+ tissue,chr6,GO:0098796,CC,e,membrane protein complex      ,16/83,43/755,2.64e-06,2,16,0.0149,"ATP6V1G2, ATP6V1G2-DDX39B, CLIC1, COX6A1P2, FLOT1, HFE, HLA-DMA, HLA-DMB, HLA-DQB1, HLA-DQB2, HLA-DRB1, HLA-DRB5, TAP1, TAP2, TAPBP, XXbac-BPG181M17.5"
Tissue Hi-C,Cliques w/ 5+ tissue vs Links w/ 2+ tissue,chr6,GO:0042613,CC,e,MHC class II protein complex  ,8/83,15/755,5.23e-05,5,8,0.0423,"HLA-DMA, HLA-DMB, HLA-DQB1, HLA-DQB2, HLA-DRB1, HLA-DRB5, TAP2, XXbac-BPG181M17.5"
